-- phpMyAdmin SQL Dump
-- version 4.8.5
-- https://www.phpmyadmin.net/
--
-- Host: 127.0.0.1
-- Generation Time: Jun 10, 2019 at 11:27 AM
-- Server version: 10.1.38-MariaDB
-- PHP Version: 7.3.2

SET SQL_MODE = "NO_AUTO_VALUE_ON_ZERO";
SET AUTOCOMMIT = 0;
START TRANSACTION;
SET time_zone = "+00:00";


/*!40101 SET @OLD_CHARACTER_SET_CLIENT=@@CHARACTER_SET_CLIENT */;
/*!40101 SET @OLD_CHARACTER_SET_RESULTS=@@CHARACTER_SET_RESULTS */;
/*!40101 SET @OLD_COLLATION_CONNECTION=@@COLLATION_CONNECTION */;
/*!40101 SET NAMES utf8mb4 */;

--
-- Database: `supershop`
--

-- --------------------------------------------------------

--
-- Table structure for table `action_recorder`
--

CREATE TABLE `action_recorder` (
  `id` int(11) NOT NULL,
  `module` varchar(255) COLLATE utf8_unicode_ci NOT NULL,
  `user_id` int(11) DEFAULT NULL,
  `user_name` varchar(255) COLLATE utf8_unicode_ci DEFAULT NULL,
  `identifier` varchar(255) COLLATE utf8_unicode_ci NOT NULL,
  `success` char(1) COLLATE utf8_unicode_ci DEFAULT NULL,
  `date_added` datetime NOT NULL
) ENGINE=InnoDB DEFAULT CHARSET=utf8 COLLATE=utf8_unicode_ci;

--
-- Dumping data for table `action_recorder`
--

INSERT INTO `action_recorder` (`id`, `module`, `user_id`, `user_name`, `identifier`, `success`, `date_added`) VALUES
(1, 'ar_admin_login', 1, 'admin', '', '1', '2019-06-02 20:28:34'),
(2, 'ar_admin_login', 1, 'admin', '', '1', '2019-06-03 10:28:06'),
(3, 'ar_admin_login', 1, 'admin', '', '1', '2019-06-03 10:37:17');

-- --------------------------------------------------------

--
-- Table structure for table `address_book`
--

CREATE TABLE `address_book` (
  `address_book_id` int(11) NOT NULL,
  `customers_id` int(11) NOT NULL,
  `entry_gender` char(1) COLLATE utf8_unicode_ci DEFAULT NULL,
  `entry_company` varchar(255) COLLATE utf8_unicode_ci DEFAULT NULL,
  `entry_firstname` varchar(255) COLLATE utf8_unicode_ci NOT NULL,
  `entry_lastname` varchar(255) COLLATE utf8_unicode_ci NOT NULL,
  `entry_street_address` varchar(255) COLLATE utf8_unicode_ci NOT NULL,
  `entry_suburb` varchar(255) COLLATE utf8_unicode_ci DEFAULT NULL,
  `entry_postcode` varchar(255) COLLATE utf8_unicode_ci NOT NULL,
  `entry_city` varchar(255) COLLATE utf8_unicode_ci NOT NULL,
  `entry_state` varchar(255) COLLATE utf8_unicode_ci DEFAULT NULL,
  `entry_country_id` int(11) NOT NULL DEFAULT '0',
  `entry_zone_id` int(11) NOT NULL DEFAULT '0'
) ENGINE=InnoDB DEFAULT CHARSET=utf8 COLLATE=utf8_unicode_ci;

-- --------------------------------------------------------

--
-- Table structure for table `address_format`
--

CREATE TABLE `address_format` (
  `address_format_id` int(11) NOT NULL,
  `address_format` varchar(128) COLLATE utf8_unicode_ci NOT NULL,
  `address_summary` varchar(48) COLLATE utf8_unicode_ci NOT NULL
) ENGINE=InnoDB DEFAULT CHARSET=utf8 COLLATE=utf8_unicode_ci;

--
-- Dumping data for table `address_format`
--

INSERT INTO `address_format` (`address_format_id`, `address_format`, `address_summary`) VALUES
(1, '$firstname $lastname$cr$streets$cr$city, $postcode$cr$statecomma$country', '$city / $country'),
(2, '$firstname $lastname$cr$streets$cr$city, $state    $postcode$cr$country', '$city, $state / $country'),
(3, '$firstname $lastname$cr$streets$cr$city$cr$postcode - $statecomma$country', '$state / $country'),
(4, '$firstname $lastname$cr$streets$cr$city ($postcode)$cr$country', '$postcode / $country'),
(5, '$firstname $lastname$cr$streets$cr$postcode $city$cr$country', '$city / $country');

-- --------------------------------------------------------

--
-- Table structure for table `administrators`
--

CREATE TABLE `administrators` (
  `id` int(11) NOT NULL,
  `user_name` varchar(255) CHARACTER SET utf8 COLLATE utf8_bin NOT NULL,
  `user_password` varchar(60) COLLATE utf8_unicode_ci NOT NULL
) ENGINE=InnoDB DEFAULT CHARSET=utf8 COLLATE=utf8_unicode_ci;

--
-- Dumping data for table `administrators`
--

INSERT INTO `administrators` (`id`, `user_name`, `user_password`) VALUES
(1, 'admin', '$P$DAKUAkAWZDsP.yt439xwiiUNxJsGa1/');

-- --------------------------------------------------------

--
-- Table structure for table `banners`
--

CREATE TABLE `banners` (
  `banners_id` int(11) NOT NULL,
  `banners_title` varchar(64) COLLATE utf8_unicode_ci NOT NULL,
  `banners_url` varchar(255) COLLATE utf8_unicode_ci NOT NULL,
  `banners_image` varchar(64) COLLATE utf8_unicode_ci NOT NULL,
  `banners_group` varchar(10) COLLATE utf8_unicode_ci NOT NULL,
  `banners_html_text` text COLLATE utf8_unicode_ci,
  `expires_impressions` int(7) DEFAULT '0',
  `expires_date` datetime DEFAULT NULL,
  `date_scheduled` datetime DEFAULT NULL,
  `date_added` datetime NOT NULL,
  `date_status_change` datetime DEFAULT NULL,
  `status` int(1) NOT NULL DEFAULT '1'
) ENGINE=InnoDB DEFAULT CHARSET=utf8 COLLATE=utf8_unicode_ci;

--
-- Dumping data for table `banners`
--

INSERT INTO `banners` (`banners_id`, `banners_title`, `banners_url`, `banners_image`, `banners_group`, `banners_html_text`, `expires_impressions`, `expires_date`, `date_scheduled`, `date_added`, `date_status_change`, `status`) VALUES
(1, 'osCommerce', 'http://www.oscommerce.com', 'banners/oscommerce.gif', 'footer', '', 0, NULL, NULL, '2019-06-02 20:27:24', NULL, 1);

-- --------------------------------------------------------

--
-- Table structure for table `banners_history`
--

CREATE TABLE `banners_history` (
  `banners_history_id` int(11) NOT NULL,
  `banners_id` int(11) NOT NULL,
  `banners_shown` int(5) NOT NULL DEFAULT '0',
  `banners_clicked` int(5) NOT NULL DEFAULT '0',
  `banners_history_date` datetime NOT NULL
) ENGINE=InnoDB DEFAULT CHARSET=utf8 COLLATE=utf8_unicode_ci;

--
-- Dumping data for table `banners_history`
--

INSERT INTO `banners_history` (`banners_history_id`, `banners_id`, `banners_shown`, `banners_clicked`, `banners_history_date`) VALUES
(1, 1, 101, 1, '2019-06-02 20:28:06'),
(2, 1, 26, 0, '2019-06-03 10:27:54');

-- --------------------------------------------------------

--
-- Table structure for table `categories`
--

CREATE TABLE `categories` (
  `categories_id` int(11) NOT NULL,
  `categories_image` varchar(64) COLLATE utf8_unicode_ci DEFAULT NULL,
  `parent_id` int(11) NOT NULL DEFAULT '0',
  `sort_order` int(3) DEFAULT NULL,
  `date_added` datetime DEFAULT NULL,
  `last_modified` datetime DEFAULT NULL
) ENGINE=InnoDB DEFAULT CHARSET=utf8 COLLATE=utf8_unicode_ci;

--
-- Dumping data for table `categories`
--

INSERT INTO `categories` (`categories_id`, `categories_image`, `parent_id`, `sort_order`, `date_added`, `last_modified`) VALUES
(22, NULL, 0, 0, '2019-06-02 20:29:58', NULL),
(23, NULL, 0, 0, '2019-06-02 20:30:09', NULL),
(24, NULL, 0, 0, '2019-06-02 20:30:22', NULL),
(25, NULL, 0, 0, '2019-06-02 20:30:28', NULL),
(26, NULL, 22, 0, '2019-06-02 20:57:18', NULL),
(27, NULL, 22, 0, '2019-06-02 20:57:40', NULL),
(28, NULL, 23, 0, '2019-06-02 21:02:10', NULL),
(29, NULL, 23, 0, '2019-06-02 21:02:16', NULL),
(30, NULL, 24, 0, '2019-06-02 21:02:28', NULL),
(31, NULL, 24, 0, '2019-06-02 21:02:35', NULL),
(32, NULL, 25, 0, '2019-06-02 21:02:56', NULL),
(33, NULL, 25, 0, '2019-06-02 21:03:03', NULL);

-- --------------------------------------------------------

--
-- Table structure for table `categories_description`
--

CREATE TABLE `categories_description` (
  `categories_id` int(11) NOT NULL DEFAULT '0',
  `language_id` int(11) NOT NULL DEFAULT '1',
  `categories_name` varchar(32) COLLATE utf8_unicode_ci NOT NULL
) ENGINE=InnoDB DEFAULT CHARSET=utf8 COLLATE=utf8_unicode_ci;

--
-- Dumping data for table `categories_description`
--

INSERT INTO `categories_description` (`categories_id`, `language_id`, `categories_name`) VALUES
(31, 1, 'Amplifiers'),
(33, 1, 'Cameras'),
(29, 1, 'Cases'),
(22, 1, 'Computers'),
(26, 1, 'Desktops'),
(27, 1, 'Laptops'),
(23, 1, 'Smartphones'),
(28, 1, 'Smartphones'),
(24, 1, 'Sound'),
(30, 1, 'Speakers'),
(32, 1, 'TV Monitors'),
(25, 1, 'Vision');

-- --------------------------------------------------------

--
-- Table structure for table `configuration`
--

CREATE TABLE `configuration` (
  `configuration_id` int(11) NOT NULL,
  `configuration_title` varchar(255) COLLATE utf8_unicode_ci NOT NULL,
  `configuration_key` varchar(255) COLLATE utf8_unicode_ci NOT NULL,
  `configuration_value` text COLLATE utf8_unicode_ci NOT NULL,
  `configuration_description` varchar(255) COLLATE utf8_unicode_ci NOT NULL,
  `configuration_group_id` int(11) NOT NULL,
  `sort_order` int(5) DEFAULT NULL,
  `last_modified` datetime DEFAULT NULL,
  `date_added` datetime NOT NULL,
  `use_function` varchar(255) COLLATE utf8_unicode_ci DEFAULT NULL,
  `set_function` varchar(255) COLLATE utf8_unicode_ci DEFAULT NULL
) ENGINE=InnoDB DEFAULT CHARSET=utf8 COLLATE=utf8_unicode_ci;

--
-- Dumping data for table `configuration`
--

INSERT INTO `configuration` (`configuration_id`, `configuration_title`, `configuration_key`, `configuration_value`, `configuration_description`, `configuration_group_id`, `sort_order`, `last_modified`, `date_added`, `use_function`, `set_function`) VALUES
(1, 'Store Name', 'STORE_NAME', 'Supershop', 'The name of my store', 1, 1, NULL, '2019-06-02 20:27:24', NULL, NULL),
(2, 'Store Owner', 'STORE_OWNER', 'ME', 'The name of my store owner', 1, 2, NULL, '2019-06-02 20:27:24', NULL, NULL),
(3, 'E-Mail Address', 'STORE_OWNER_EMAIL_ADDRESS', 'ME@ME.com', 'The e-mail address of my store owner', 1, 3, NULL, '2019-06-02 20:27:24', NULL, NULL),
(4, 'E-Mail From', 'EMAIL_FROM', '\"ME\" <ME@ME.com>', 'The e-mail address used in (sent) e-mails', 1, 4, NULL, '2019-06-02 20:27:24', NULL, NULL),
(5, 'Country', 'STORE_COUNTRY', '223', 'The country my store is located in <br /><br /><strong>Note: Please remember to update the store zone.</strong>', 1, 6, NULL, '2019-06-02 20:27:24', 'tep_get_country_name', 'tep_cfg_pull_down_country_list('),
(6, 'Zone', 'STORE_ZONE', '18', 'The zone my store is located in', 1, 7, NULL, '2019-06-02 20:27:24', 'tep_cfg_get_zone_name', 'tep_cfg_pull_down_zone_list('),
(7, 'Expected Sort Order', 'EXPECTED_PRODUCTS_SORT', 'desc', 'This is the sort order used in the expected products box.', 1, 8, NULL, '2019-06-02 20:27:24', NULL, 'tep_cfg_select_option(array(\'asc\', \'desc\'), '),
(8, 'Expected Sort Field', 'EXPECTED_PRODUCTS_FIELD', 'date_expected', 'The column to sort by in the expected products box.', 1, 9, NULL, '2019-06-02 20:27:24', NULL, 'tep_cfg_select_option(array(\'products_name\', \'date_expected\'), '),
(9, 'Switch To Default Language Currency', 'USE_DEFAULT_LANGUAGE_CURRENCY', 'false', 'Automatically switch to the language\'s currency when it is changed', 1, 10, NULL, '2019-06-02 20:27:24', NULL, 'tep_cfg_select_option(array(\'true\', \'false\'), '),
(10, 'Send Extra Order Emails To', 'SEND_EXTRA_ORDER_EMAILS_TO', '', 'Send extra order emails to the following email addresses, in this format: Name 1 &lt;email@address1&gt;, Name 2 &lt;email@address2&gt;', 1, 11, NULL, '2019-06-02 20:27:24', NULL, NULL),
(11, 'Use Search-Engine Safe URLs', 'SEARCH_ENGINE_FRIENDLY_URLS', 'false', 'Use search-engine safe urls for all site links', 1, 12, NULL, '2019-06-02 20:27:24', NULL, 'tep_cfg_select_option(array(\'true\', \'false\'), '),
(12, 'Display Cart After Adding Product', 'DISPLAY_CART', 'true', 'Display the shopping cart after adding a product (or return back to their origin)', 1, 14, NULL, '2019-06-02 20:27:24', NULL, 'tep_cfg_select_option(array(\'true\', \'false\'), '),
(13, 'Allow Guest To Tell A Friend', 'ALLOW_GUEST_TO_TELL_A_FRIEND', 'false', 'Allow guests to tell a friend about a product', 1, 15, NULL, '2019-06-02 20:27:24', NULL, 'tep_cfg_select_option(array(\'true\', \'false\'), '),
(14, 'Default Search Operator', 'ADVANCED_SEARCH_DEFAULT_OPERATOR', 'and', 'Default search operators', 1, 17, NULL, '2019-06-02 20:27:24', NULL, 'tep_cfg_select_option(array(\'and\', \'or\'), '),
(15, 'Store Address and Phone', 'STORE_NAME_ADDRESS', 'Store Name\nAddress\nCountry\nPhone', 'This is the Store Name, Address and Phone used on printable documents and displayed online', 1, 18, NULL, '2019-06-02 20:27:24', NULL, 'tep_cfg_textarea('),
(16, 'Show Category Counts', 'SHOW_COUNTS', 'true', 'Count recursively how many products are in each category', 1, 19, NULL, '2019-06-02 20:27:24', NULL, 'tep_cfg_select_option(array(\'true\', \'false\'), '),
(17, 'Tax Decimal Places', 'TAX_DECIMAL_PLACES', '0', 'Pad the tax value this amount of decimal places', 1, 20, NULL, '2019-06-02 20:27:24', NULL, NULL),
(18, 'Display Prices with Tax', 'DISPLAY_PRICE_WITH_TAX', 'false', 'Display prices with tax included (true) or add the tax at the end (false)', 1, 21, NULL, '2019-06-02 20:27:24', NULL, 'tep_cfg_select_option(array(\'true\', \'false\'), '),
(19, 'First Name', 'ENTRY_FIRST_NAME_MIN_LENGTH', '2', 'Minimum length of first name', 2, 1, NULL, '2019-06-02 20:27:24', NULL, NULL),
(20, 'Last Name', 'ENTRY_LAST_NAME_MIN_LENGTH', '2', 'Minimum length of last name', 2, 2, NULL, '2019-06-02 20:27:24', NULL, NULL),
(21, 'Date of Birth', 'ENTRY_DOB_MIN_LENGTH', '10', 'Minimum length of date of birth', 2, 3, NULL, '2019-06-02 20:27:24', NULL, NULL),
(22, 'E-Mail Address', 'ENTRY_EMAIL_ADDRESS_MIN_LENGTH', '6', 'Minimum length of e-mail address', 2, 4, NULL, '2019-06-02 20:27:24', NULL, NULL),
(23, 'Street Address', 'ENTRY_STREET_ADDRESS_MIN_LENGTH', '5', 'Minimum length of street address', 2, 5, NULL, '2019-06-02 20:27:24', NULL, NULL),
(24, 'Company', 'ENTRY_COMPANY_MIN_LENGTH', '2', 'Minimum length of company name', 2, 6, NULL, '2019-06-02 20:27:24', NULL, NULL),
(25, 'Post Code', 'ENTRY_POSTCODE_MIN_LENGTH', '4', 'Minimum length of post code', 2, 7, NULL, '2019-06-02 20:27:24', NULL, NULL),
(26, 'City', 'ENTRY_CITY_MIN_LENGTH', '3', 'Minimum length of city', 2, 8, NULL, '2019-06-02 20:27:24', NULL, NULL),
(27, 'State', 'ENTRY_STATE_MIN_LENGTH', '2', 'Minimum length of state', 2, 9, NULL, '2019-06-02 20:27:24', NULL, NULL),
(28, 'Telephone Number', 'ENTRY_TELEPHONE_MIN_LENGTH', '3', 'Minimum length of telephone number', 2, 10, NULL, '2019-06-02 20:27:24', NULL, NULL),
(29, 'Password', 'ENTRY_PASSWORD_MIN_LENGTH', '5', 'Minimum length of password', 2, 11, NULL, '2019-06-02 20:27:24', NULL, NULL),
(30, 'Credit Card Owner Name', 'CC_OWNER_MIN_LENGTH', '3', 'Minimum length of credit card owner name', 2, 12, NULL, '2019-06-02 20:27:24', NULL, NULL),
(31, 'Credit Card Number', 'CC_NUMBER_MIN_LENGTH', '10', 'Minimum length of credit card number', 2, 13, NULL, '2019-06-02 20:27:24', NULL, NULL),
(32, 'Review Text', 'REVIEW_TEXT_MIN_LENGTH', '50', 'Minimum length of review text', 2, 14, NULL, '2019-06-02 20:27:24', NULL, NULL),
(33, 'Best Sellers', 'MIN_DISPLAY_BESTSELLERS', '1', 'Minimum number of best sellers to display', 2, 15, NULL, '2019-06-02 20:27:24', NULL, NULL),
(34, 'Also Purchased', 'MIN_DISPLAY_ALSO_PURCHASED', '1', 'Minimum number of products to display in the \'This Customer Also Purchased\' box', 2, 16, NULL, '2019-06-02 20:27:24', NULL, NULL),
(35, 'Address Book Entries', 'MAX_ADDRESS_BOOK_ENTRIES', '5', 'Maximum address book entries a customer is allowed to have', 3, 1, NULL, '2019-06-02 20:27:24', NULL, NULL),
(36, 'Search Results', 'MAX_DISPLAY_SEARCH_RESULTS', '20', 'Amount of products to list', 3, 2, NULL, '2019-06-02 20:27:24', NULL, NULL),
(37, 'Page Links', 'MAX_DISPLAY_PAGE_LINKS', '5', 'Number of \'number\' links use for page-sets', 3, 3, NULL, '2019-06-02 20:27:24', NULL, NULL),
(38, 'Special Products', 'MAX_DISPLAY_SPECIAL_PRODUCTS', '9', 'Maximum number of products on special to display', 3, 4, NULL, '2019-06-02 20:27:24', NULL, NULL),
(39, 'New Products Module', 'MAX_DISPLAY_NEW_PRODUCTS', '9', 'Maximum number of new products to display in a category', 3, 5, NULL, '2019-06-02 20:27:24', NULL, NULL),
(40, 'Products Expected', 'MAX_DISPLAY_UPCOMING_PRODUCTS', '10', 'Maximum number of products expected to display', 3, 6, NULL, '2019-06-02 20:27:24', NULL, NULL),
(41, 'Manufacturers List', 'MAX_DISPLAY_MANUFACTURERS_IN_A_LIST', '0', 'Used in manufacturers box; when the number of manufacturers exceeds this number, a drop-down list will be displayed instead of the default list', 3, 7, NULL, '2019-06-02 20:27:24', NULL, NULL),
(42, 'Manufacturers Select Size', 'MAX_MANUFACTURERS_LIST', '1', 'Used in manufacturers box; when this value is \'1\' the classic drop-down list will be used for the manufacturers box. Otherwise, a list-box with the specified number of rows will be displayed.', 3, 7, NULL, '2019-06-02 20:27:24', NULL, NULL),
(43, 'Length of Manufacturers Name', 'MAX_DISPLAY_MANUFACTURER_NAME_LEN', '15', 'Used in manufacturers box; maximum length of manufacturers name to display', 3, 8, NULL, '2019-06-02 20:27:24', NULL, NULL),
(44, 'New Reviews', 'MAX_DISPLAY_NEW_REVIEWS', '6', 'Maximum number of new reviews to display', 3, 9, NULL, '2019-06-02 20:27:24', NULL, NULL),
(45, 'Selection of Random Reviews', 'MAX_RANDOM_SELECT_REVIEWS', '10', 'How many records to select from to choose one random product review', 3, 10, NULL, '2019-06-02 20:27:24', NULL, NULL),
(46, 'Selection of Random New Products', 'MAX_RANDOM_SELECT_NEW', '10', 'How many records to select from to choose one random new product to display', 3, 11, NULL, '2019-06-02 20:27:24', NULL, NULL),
(47, 'Selection of Products on Special', 'MAX_RANDOM_SELECT_SPECIALS', '10', 'How many records to select from to choose one random product special to display', 3, 12, NULL, '2019-06-02 20:27:24', NULL, NULL),
(48, 'Categories To List Per Row', 'MAX_DISPLAY_CATEGORIES_PER_ROW', '3', 'How many categories to list per row', 3, 13, NULL, '2019-06-02 20:27:24', NULL, NULL),
(49, 'New Products Listing', 'MAX_DISPLAY_PRODUCTS_NEW', '10', 'Maximum number of new products to display in new products page', 3, 14, NULL, '2019-06-02 20:27:24', NULL, NULL),
(50, 'Best Sellers', 'MAX_DISPLAY_BESTSELLERS', '10', 'Maximum number of best sellers to display', 3, 15, NULL, '2019-06-02 20:27:24', NULL, NULL),
(51, 'Also Purchased', 'MAX_DISPLAY_ALSO_PURCHASED', '6', 'Maximum number of products to display in the \'This Customer Also Purchased\' box', 3, 16, NULL, '2019-06-02 20:27:24', NULL, NULL),
(52, 'Customer Order History Box', 'MAX_DISPLAY_PRODUCTS_IN_ORDER_HISTORY_BOX', '6', 'Maximum number of products to display in the customer order history box', 3, 17, NULL, '2019-06-02 20:27:24', NULL, NULL),
(53, 'Order History', 'MAX_DISPLAY_ORDER_HISTORY', '10', 'Maximum number of orders to display in the order history page', 3, 18, NULL, '2019-06-02 20:27:24', NULL, NULL),
(54, 'Product Quantities In Shopping Cart', 'MAX_QTY_IN_CART', '99', 'Maximum number of product quantities that can be added to the shopping cart (0 for no limit)', 3, 19, NULL, '2019-06-02 20:27:24', NULL, NULL),
(55, 'Small Image Width', 'SMALL_IMAGE_WIDTH', '100', 'The pixel width of small images', 4, 1, NULL, '2019-06-02 20:27:24', NULL, NULL),
(56, 'Small Image Height', 'SMALL_IMAGE_HEIGHT', '80', 'The pixel height of small images', 4, 2, NULL, '2019-06-02 20:27:24', NULL, NULL),
(57, 'Heading Image Width', 'HEADING_IMAGE_WIDTH', '57', 'The pixel width of heading images', 4, 3, NULL, '2019-06-02 20:27:24', NULL, NULL),
(58, 'Heading Image Height', 'HEADING_IMAGE_HEIGHT', '40', 'The pixel height of heading images', 4, 4, NULL, '2019-06-02 20:27:24', NULL, NULL),
(59, 'Subcategory Image Width', 'SUBCATEGORY_IMAGE_WIDTH', '100', 'The pixel width of subcategory images', 4, 5, NULL, '2019-06-02 20:27:24', NULL, NULL),
(60, 'Subcategory Image Height', 'SUBCATEGORY_IMAGE_HEIGHT', '57', 'The pixel height of subcategory images', 4, 6, NULL, '2019-06-02 20:27:24', NULL, NULL),
(61, 'Calculate Image Size', 'CONFIG_CALCULATE_IMAGE_SIZE', 'true', 'Calculate the size of images?', 4, 7, NULL, '2019-06-02 20:27:24', NULL, 'tep_cfg_select_option(array(\'true\', \'false\'), '),
(62, 'Image Required', 'IMAGE_REQUIRED', 'true', 'Enable to display broken images. Good for development.', 4, 8, NULL, '2019-06-02 20:27:24', NULL, 'tep_cfg_select_option(array(\'true\', \'false\'), '),
(63, 'Gender', 'ACCOUNT_GENDER', 'true', 'Display gender in the customers account', 5, 1, NULL, '2019-06-02 20:27:24', NULL, 'tep_cfg_select_option(array(\'true\', \'false\'), '),
(64, 'Date of Birth', 'ACCOUNT_DOB', 'true', 'Display date of birth in the customers account', 5, 2, NULL, '2019-06-02 20:27:24', NULL, 'tep_cfg_select_option(array(\'true\', \'false\'), '),
(65, 'Company', 'ACCOUNT_COMPANY', 'true', 'Display company in the customers account', 5, 3, NULL, '2019-06-02 20:27:24', NULL, 'tep_cfg_select_option(array(\'true\', \'false\'), '),
(66, 'Suburb', 'ACCOUNT_SUBURB', 'true', 'Display suburb in the customers account', 5, 4, NULL, '2019-06-02 20:27:24', NULL, 'tep_cfg_select_option(array(\'true\', \'false\'), '),
(67, 'State', 'ACCOUNT_STATE', 'true', 'Display state in the customers account', 5, 5, NULL, '2019-06-02 20:27:24', NULL, 'tep_cfg_select_option(array(\'true\', \'false\'), '),
(68, 'Installed Modules', 'MODULE_PAYMENT_INSTALLED', 'cod.php;paypal_express.php', 'List of payment module filenames separated by a semi-colon. This is automatically updated. No need to edit. (Example: cod.php;paypal_express.php)', 6, 0, NULL, '2019-06-02 20:27:24', NULL, NULL),
(69, 'Installed Modules', 'MODULE_ORDER_TOTAL_INSTALLED', 'ot_subtotal.php;ot_tax.php;ot_shipping.php;ot_total.php', 'List of order_total module filenames separated by a semi-colon. This is automatically updated. No need to edit. (Example: ot_subtotal.php;ot_tax.php;ot_shipping.php;ot_total.php)', 6, 0, NULL, '2019-06-02 20:27:24', NULL, NULL),
(70, 'Installed Modules', 'MODULE_SHIPPING_INSTALLED', 'flat.php', 'List of shipping module filenames separated by a semi-colon. This is automatically updated. No need to edit. (Example: ups.php;flat.php;item.php)', 6, 0, NULL, '2019-06-02 20:27:24', NULL, NULL),
(71, 'Installed Modules', 'MODULE_ACTION_RECORDER_INSTALLED', 'ar_admin_login.php;ar_contact_us.php;ar_reset_password.php;ar_tell_a_friend.php', 'List of action recorder module filenames separated by a semi-colon. This is automatically updated. No need to edit.', 6, 0, NULL, '2019-06-02 20:27:24', NULL, NULL),
(72, 'Installed Modules', 'MODULE_SOCIAL_BOOKMARKS_INSTALLED', 'sb_email.php;sb_facebook.php;sb_google_plus_share.php;sb_pinterest.php;sb_twitter.php', 'List of social bookmark module filenames separated by a semi-colon. This is automatically updated. No need to edit.', 6, 0, NULL, '2019-06-02 20:27:24', NULL, NULL),
(73, 'Enable Cash On Delivery Module', 'MODULE_PAYMENT_COD_STATUS', 'True', 'Do you want to accept Cash On Delevery payments?', 6, 1, NULL, '2019-06-02 20:27:24', NULL, 'tep_cfg_select_option(array(\'True\', \'False\'), '),
(74, 'Payment Zone', 'MODULE_PAYMENT_COD_ZONE', '0', 'If a zone is selected, only enable this payment method for that zone.', 6, 2, NULL, '2019-06-02 20:27:24', 'tep_get_zone_class_title', 'tep_cfg_pull_down_zone_classes('),
(75, 'Sort order of display.', 'MODULE_PAYMENT_COD_SORT_ORDER', '0', 'Sort order of display. Lowest is displayed first.', 6, 0, NULL, '2019-06-02 20:27:24', NULL, NULL),
(76, 'Set Order Status', 'MODULE_PAYMENT_COD_ORDER_STATUS_ID', '0', 'Set the status of orders made with this payment module to this value', 6, 0, NULL, '2019-06-02 20:27:24', 'tep_get_order_status_name', 'tep_cfg_pull_down_order_statuses('),
(77, 'Enable Flat Shipping', 'MODULE_SHIPPING_FLAT_STATUS', 'True', 'Do you want to offer flat rate shipping?', 6, 0, NULL, '2019-06-02 20:27:24', NULL, 'tep_cfg_select_option(array(\'True\', \'False\'), '),
(78, 'Shipping Cost', 'MODULE_SHIPPING_FLAT_COST', '5.00', 'The shipping cost for all orders using this shipping method.', 6, 0, NULL, '2019-06-02 20:27:24', NULL, NULL),
(79, 'Tax Class', 'MODULE_SHIPPING_FLAT_TAX_CLASS', '0', 'Use the following tax class on the shipping fee.', 6, 0, NULL, '2019-06-02 20:27:24', 'tep_get_tax_class_title', 'tep_cfg_pull_down_tax_classes('),
(80, 'Shipping Zone', 'MODULE_SHIPPING_FLAT_ZONE', '0', 'If a zone is selected, only enable this shipping method for that zone.', 6, 0, NULL, '2019-06-02 20:27:24', 'tep_get_zone_class_title', 'tep_cfg_pull_down_zone_classes('),
(81, 'Sort Order', 'MODULE_SHIPPING_FLAT_SORT_ORDER', '0', 'Sort order of display.', 6, 0, NULL, '2019-06-02 20:27:24', NULL, NULL),
(82, 'Default Currency', 'DEFAULT_CURRENCY', 'USD', 'Default Currency', 6, 0, NULL, '2019-06-02 20:27:24', NULL, NULL),
(83, 'Default Language', 'DEFAULT_LANGUAGE', 'en', 'Default Language', 6, 0, NULL, '2019-06-02 20:27:24', NULL, NULL),
(84, 'Default Order Status For New Orders', 'DEFAULT_ORDERS_STATUS_ID', '1', 'When a new order is created, this order status will be assigned to it.', 6, 0, NULL, '2019-06-02 20:27:24', NULL, NULL),
(85, 'Display Shipping', 'MODULE_ORDER_TOTAL_SHIPPING_STATUS', 'true', 'Do you want to display the order shipping cost?', 6, 1, NULL, '2019-06-02 20:27:24', NULL, 'tep_cfg_select_option(array(\'true\', \'false\'), '),
(86, 'Sort Order', 'MODULE_ORDER_TOTAL_SHIPPING_SORT_ORDER', '2', 'Sort order of display.', 6, 2, NULL, '2019-06-02 20:27:24', NULL, NULL),
(87, 'Allow Free Shipping', 'MODULE_ORDER_TOTAL_SHIPPING_FREE_SHIPPING', 'false', 'Do you want to allow free shipping?', 6, 3, NULL, '2019-06-02 20:27:24', NULL, 'tep_cfg_select_option(array(\'true\', \'false\'), '),
(88, 'Free Shipping For Orders Over', 'MODULE_ORDER_TOTAL_SHIPPING_FREE_SHIPPING_OVER', '50', 'Provide free shipping for orders over the set amount.', 6, 4, NULL, '2019-06-02 20:27:24', 'currencies->format', NULL),
(89, 'Provide Free Shipping For Orders Made', 'MODULE_ORDER_TOTAL_SHIPPING_DESTINATION', 'national', 'Provide free shipping for orders sent to the set destination.', 6, 5, NULL, '2019-06-02 20:27:24', NULL, 'tep_cfg_select_option(array(\'national\', \'international\', \'both\'), '),
(90, 'Display Sub-Total', 'MODULE_ORDER_TOTAL_SUBTOTAL_STATUS', 'true', 'Do you want to display the order sub-total cost?', 6, 1, NULL, '2019-06-02 20:27:24', NULL, 'tep_cfg_select_option(array(\'true\', \'false\'), '),
(91, 'Sort Order', 'MODULE_ORDER_TOTAL_SUBTOTAL_SORT_ORDER', '1', 'Sort order of display.', 6, 2, NULL, '2019-06-02 20:27:24', NULL, NULL),
(92, 'Display Tax', 'MODULE_ORDER_TOTAL_TAX_STATUS', 'true', 'Do you want to display the order tax value?', 6, 1, NULL, '2019-06-02 20:27:24', NULL, 'tep_cfg_select_option(array(\'true\', \'false\'), '),
(93, 'Sort Order', 'MODULE_ORDER_TOTAL_TAX_SORT_ORDER', '3', 'Sort order of display.', 6, 2, NULL, '2019-06-02 20:27:24', NULL, NULL),
(94, 'Display Total', 'MODULE_ORDER_TOTAL_TOTAL_STATUS', 'true', 'Do you want to display the total order value?', 6, 1, NULL, '2019-06-02 20:27:24', NULL, 'tep_cfg_select_option(array(\'true\', \'false\'), '),
(95, 'Sort Order', 'MODULE_ORDER_TOTAL_TOTAL_SORT_ORDER', '4', 'Sort order of display.', 6, 2, NULL, '2019-06-02 20:27:24', NULL, NULL),
(96, 'Minimum Minutes Per E-Mail', 'MODULE_ACTION_RECORDER_CONTACT_US_EMAIL_MINUTES', '15', 'Minimum number of minutes to allow 1 e-mail to be sent (eg, 15 for 1 e-mail every 15 minutes)', 6, 0, NULL, '2019-06-02 20:27:24', NULL, NULL),
(97, 'Minimum Minutes Per E-Mail', 'MODULE_ACTION_RECORDER_TELL_A_FRIEND_EMAIL_MINUTES', '15', 'Minimum number of minutes to allow 1 e-mail to be sent (eg, 15 for 1 e-mail every 15 minutes)', 6, 0, NULL, '2019-06-02 20:27:24', NULL, NULL),
(98, 'Allowed Minutes', 'MODULE_ACTION_RECORDER_ADMIN_LOGIN_MINUTES', '5', 'Number of minutes to allow login attempts to occur.', 6, 0, NULL, '2019-06-02 20:27:24', NULL, NULL),
(99, 'Allowed Attempts', 'MODULE_ACTION_RECORDER_ADMIN_LOGIN_ATTEMPTS', '3', 'Number of login attempts to allow within the specified period.', 6, 0, NULL, '2019-06-02 20:27:24', NULL, NULL),
(100, 'Allowed Minutes', 'MODULE_ACTION_RECORDER_RESET_PASSWORD_MINUTES', '5', 'Number of minutes to allow password resets to occur.', 6, 0, NULL, '2019-06-02 20:27:24', NULL, NULL),
(101, 'Allowed Attempts', 'MODULE_ACTION_RECORDER_RESET_PASSWORD_ATTEMPTS', '1', 'Number of password reset attempts to allow within the specified period.', 6, 0, NULL, '2019-06-02 20:27:24', NULL, NULL),
(102, 'Enable E-Mail Module', 'MODULE_SOCIAL_BOOKMARKS_EMAIL_STATUS', 'True', 'Do you want to allow products to be shared through e-mail?', 6, 1, NULL, '2019-06-02 20:27:24', NULL, 'tep_cfg_select_option(array(\'True\', \'False\'), '),
(103, 'Sort Order', 'MODULE_SOCIAL_BOOKMARKS_EMAIL_SORT_ORDER', '10', 'Sort order of display. Lowest is displayed first.', 6, 0, NULL, '2019-06-02 20:27:24', NULL, NULL),
(104, 'Enable Google+ Share Module', 'MODULE_SOCIAL_BOOKMARKS_GOOGLE_PLUS_SHARE_STATUS', 'True', 'Do you want to allow products to be shared through Google+?', 6, 1, NULL, '2019-06-02 20:27:24', NULL, 'tep_cfg_select_option(array(\'True\', \'False\'), '),
(105, 'Annotation', 'MODULE_SOCIAL_BOOKMARKS_GOOGLE_PLUS_SHARE_ANNOTATION', 'None', 'The annotation to display next to the button.', 6, 1, NULL, '2019-06-02 20:27:24', NULL, 'tep_cfg_select_option(array(\'Inline\', \'Bubble\', \'Vertical-Bubble\', \'None\'), '),
(106, 'Width', 'MODULE_SOCIAL_BOOKMARKS_GOOGLE_PLUS_SHARE_WIDTH', '', 'The maximum width of the button.', 6, 0, NULL, '2019-06-02 20:27:24', NULL, NULL),
(107, 'Height', 'MODULE_SOCIAL_BOOKMARKS_GOOGLE_PLUS_SHARE_HEIGHT', '15', 'Sets the height of the button.', 6, 1, NULL, '2019-06-02 20:27:24', NULL, 'tep_cfg_select_option(array(\'15\', \'20\', \'24\', \'60\'), '),
(108, 'Alignment', 'MODULE_SOCIAL_BOOKMARKS_GOOGLE_PLUS_SHARE_ALIGN', 'Left', 'The alignment of the button assets.', 6, 1, NULL, '2019-06-02 20:27:24', NULL, 'tep_cfg_select_option(array(\'Left\', \'Right\'), '),
(109, 'Sort Order', 'MODULE_SOCIAL_BOOKMARKS_GOOGLE_PLUS_SHARE_SORT_ORDER', '20', 'Sort order of display. Lowest is displayed first.', 6, 0, NULL, '2019-06-02 20:27:24', NULL, NULL),
(110, 'Enable Facebook Module', 'MODULE_SOCIAL_BOOKMARKS_FACEBOOK_STATUS', 'True', 'Do you want to allow products to be shared through Facebook?', 6, 1, NULL, '2019-06-02 20:27:24', NULL, 'tep_cfg_select_option(array(\'True\', \'False\'), '),
(111, 'Sort Order', 'MODULE_SOCIAL_BOOKMARKS_FACEBOOK_SORT_ORDER', '30', 'Sort order of display. Lowest is displayed first.', 6, 0, NULL, '2019-06-02 20:27:24', NULL, NULL),
(112, 'Enable Twitter Module', 'MODULE_SOCIAL_BOOKMARKS_TWITTER_STATUS', 'True', 'Do you want to allow products to be shared through Twitter?', 6, 1, NULL, '2019-06-02 20:27:24', NULL, 'tep_cfg_select_option(array(\'True\', \'False\'), '),
(113, 'Sort Order', 'MODULE_SOCIAL_BOOKMARKS_TWITTER_SORT_ORDER', '40', 'Sort order of display. Lowest is displayed first.', 6, 0, NULL, '2019-06-02 20:27:24', NULL, NULL),
(114, 'Enable Pinterest Module', 'MODULE_SOCIAL_BOOKMARKS_PINTEREST_STATUS', 'True', 'Do you want to allow Pinterest Button?', 6, 1, NULL, '2019-06-02 20:27:24', NULL, 'tep_cfg_select_option(array(\'True\', \'False\'), '),
(115, 'Layout Position', 'MODULE_SOCIAL_BOOKMARKS_PINTEREST_BUTTON_COUNT_POSITION', 'None', 'Horizontal or Vertical or None', 6, 2, NULL, '2019-06-02 20:27:24', NULL, 'tep_cfg_select_option(array(\'Horizontal\', \'Vertical\', \'None\'), '),
(116, 'Sort Order', 'MODULE_SOCIAL_BOOKMARKS_PINTEREST_SORT_ORDER', '50', 'Sort order of display. Lowest is displayed first.', 6, 0, NULL, '2019-06-02 20:27:24', NULL, NULL),
(117, 'Country of Origin', 'SHIPPING_ORIGIN_COUNTRY', '223', 'Select the country of origin to be used in shipping quotes.', 7, 1, NULL, '2019-06-02 20:27:24', 'tep_get_country_name', 'tep_cfg_pull_down_country_list('),
(118, 'Postal Code', 'SHIPPING_ORIGIN_ZIP', 'NONE', 'Enter the Postal Code (ZIP) of the Store to be used in shipping quotes.', 7, 2, NULL, '2019-06-02 20:27:24', NULL, NULL),
(119, 'Enter the Maximum Package Weight you will ship', 'SHIPPING_MAX_WEIGHT', '50', 'Carriers have a max weight limit for a single package. This is a common one for all.', 7, 3, NULL, '2019-06-02 20:27:24', NULL, NULL),
(120, 'Package Tare weight.', 'SHIPPING_BOX_WEIGHT', '3', 'What is the weight of typical packaging of small to medium packages?', 7, 4, NULL, '2019-06-02 20:27:24', NULL, NULL),
(121, 'Larger packages - percentage increase.', 'SHIPPING_BOX_PADDING', '10', 'For 10% enter 10', 7, 5, NULL, '2019-06-02 20:27:24', NULL, NULL),
(122, 'Allow Orders Not Matching Defined Shipping Zones ', 'SHIPPING_ALLOW_UNDEFINED_ZONES', 'False', 'Should orders be allowed to shipping addresses not matching defined shipping module shipping zones?', 7, 5, NULL, '2019-06-02 20:27:24', NULL, 'tep_cfg_select_option(array(\'True\', \'False\'), '),
(123, 'Display Product Image', 'PRODUCT_LIST_IMAGE', '1', 'Do you want to display the Product Image?', 8, 1, NULL, '2019-06-02 20:27:24', NULL, NULL),
(124, 'Display Product Manufacturer Name', 'PRODUCT_LIST_MANUFACTURER', '0', 'Do you want to display the Product Manufacturer Name?', 8, 2, NULL, '2019-06-02 20:27:24', NULL, NULL),
(125, 'Display Product Model', 'PRODUCT_LIST_MODEL', '0', 'Do you want to display the Product Model?', 8, 3, NULL, '2019-06-02 20:27:24', NULL, NULL),
(126, 'Display Product Name', 'PRODUCT_LIST_NAME', '2', 'Do you want to display the Product Name?', 8, 4, NULL, '2019-06-02 20:27:24', NULL, NULL),
(127, 'Display Product Price', 'PRODUCT_LIST_PRICE', '3', 'Do you want to display the Product Price', 8, 5, NULL, '2019-06-02 20:27:24', NULL, NULL),
(128, 'Display Product Quantity', 'PRODUCT_LIST_QUANTITY', '0', 'Do you want to display the Product Quantity?', 8, 6, NULL, '2019-06-02 20:27:24', NULL, NULL),
(129, 'Display Product Weight', 'PRODUCT_LIST_WEIGHT', '0', 'Do you want to display the Product Weight?', 8, 7, NULL, '2019-06-02 20:27:24', NULL, NULL),
(130, 'Display Buy Now column', 'PRODUCT_LIST_BUY_NOW', '4', 'Do you want to display the Buy Now column?', 8, 8, NULL, '2019-06-02 20:27:24', NULL, NULL),
(131, 'Display Category/Manufacturer Filter (0=disable; 1=enable)', 'PRODUCT_LIST_FILTER', '1', 'Do you want to display the Category/Manufacturer Filter?', 8, 9, NULL, '2019-06-02 20:27:24', NULL, NULL),
(132, 'Location of Prev/Next Navigation Bar (1-top, 2-bottom, 3-both)', 'PREV_NEXT_BAR_LOCATION', '2', 'Sets the location of the Prev/Next Navigation Bar (1-top, 2-bottom, 3-both)', 8, 10, NULL, '2019-06-02 20:27:24', NULL, NULL),
(133, 'Check stock level', 'STOCK_CHECK', 'true', 'Check to see if sufficent stock is available', 9, 1, NULL, '2019-06-02 20:27:24', NULL, 'tep_cfg_select_option(array(\'true\', \'false\'), '),
(134, 'Subtract stock', 'STOCK_LIMITED', 'true', 'Subtract product in stock by product orders', 9, 2, NULL, '2019-06-02 20:27:24', NULL, 'tep_cfg_select_option(array(\'true\', \'false\'), '),
(135, 'Allow Checkout', 'STOCK_ALLOW_CHECKOUT', 'true', 'Allow customer to checkout even if there is insufficient stock', 9, 3, NULL, '2019-06-02 20:27:24', NULL, 'tep_cfg_select_option(array(\'true\', \'false\'), '),
(136, 'Mark product out of stock', 'STOCK_MARK_PRODUCT_OUT_OF_STOCK', '***', 'Display something on screen so customer can see which product has insufficient stock', 9, 4, NULL, '2019-06-02 20:27:24', NULL, NULL),
(137, 'Stock Re-order level', 'STOCK_REORDER_LEVEL', '5', 'Define when stock needs to be re-ordered', 9, 5, NULL, '2019-06-02 20:27:24', NULL, NULL),
(138, 'Store Page Parse Time', 'STORE_PAGE_PARSE_TIME', 'false', 'Store the time it takes to parse a page', 10, 1, NULL, '2019-06-02 20:27:24', NULL, 'tep_cfg_select_option(array(\'true\', \'false\'), '),
(139, 'Log Destination', 'STORE_PAGE_PARSE_TIME_LOG', '/var/log/www/tep/page_parse_time.log', 'Directory and filename of the page parse time log', 10, 2, NULL, '2019-06-02 20:27:24', NULL, NULL),
(140, 'Log Date Format', 'STORE_PARSE_DATE_TIME_FORMAT', '%d/%m/%Y %H:%M:%S', 'The date format', 10, 3, NULL, '2019-06-02 20:27:24', NULL, NULL),
(141, 'Display The Page Parse Time', 'DISPLAY_PAGE_PARSE_TIME', 'true', 'Display the page parse time (store page parse time must be enabled)', 10, 4, NULL, '2019-06-02 20:27:24', NULL, 'tep_cfg_select_option(array(\'true\', \'false\'), '),
(142, 'Store Database Queries', 'STORE_DB_TRANSACTIONS', 'false', 'Store the database queries in the page parse time log', 10, 5, NULL, '2019-06-02 20:27:24', NULL, 'tep_cfg_select_option(array(\'true\', \'false\'), '),
(143, 'Use Cache', 'USE_CACHE', 'false', 'Use caching features', 11, 1, NULL, '2019-06-02 20:27:24', NULL, 'tep_cfg_select_option(array(\'true\', \'false\'), '),
(144, 'Cache Directory', 'DIR_FS_CACHE', 'C:/xampp/htdocs/oscommerce-2.3.4.1/catalog/includes/work/', 'The directory where the cached files are saved', 11, 2, NULL, '2019-06-02 20:27:24', NULL, NULL),
(145, 'E-Mail Transport Method', 'EMAIL_TRANSPORT', 'sendmail', 'Defines if this server uses a local connection to sendmail or uses an SMTP connection via TCP/IP. Servers running on Windows and MacOS should change this setting to SMTP.', 12, 1, NULL, '2019-06-02 20:27:24', NULL, 'tep_cfg_select_option(array(\'sendmail\', \'smtp\'),'),
(146, 'E-Mail Linefeeds', 'EMAIL_LINEFEED', 'LF', 'Defines the character sequence used to separate mail headers.', 12, 2, NULL, '2019-06-02 20:27:24', NULL, 'tep_cfg_select_option(array(\'LF\', \'CRLF\'),'),
(147, 'Use MIME HTML When Sending Emails', 'EMAIL_USE_HTML', 'false', 'Send e-mails in HTML format', 12, 3, NULL, '2019-06-02 20:27:24', NULL, 'tep_cfg_select_option(array(\'true\', \'false\'),'),
(148, 'Verify E-Mail Addresses Through DNS', 'ENTRY_EMAIL_ADDRESS_CHECK', 'false', 'Verify e-mail address through a DNS server', 12, 4, NULL, '2019-06-02 20:27:24', NULL, 'tep_cfg_select_option(array(\'true\', \'false\'), '),
(149, 'Send E-Mails', 'SEND_EMAILS', 'true', 'Send out e-mails', 12, 5, NULL, '2019-06-02 20:27:24', NULL, 'tep_cfg_select_option(array(\'true\', \'false\'), '),
(150, 'Enable download', 'DOWNLOAD_ENABLED', 'false', 'Enable the products download functions.', 13, 1, NULL, '2019-06-02 20:27:24', NULL, 'tep_cfg_select_option(array(\'true\', \'false\'), '),
(151, 'Download by redirect', 'DOWNLOAD_BY_REDIRECT', 'false', 'Use browser redirection for download. Disable on non-Unix systems.', 13, 2, NULL, '2019-06-02 20:27:24', NULL, 'tep_cfg_select_option(array(\'true\', \'false\'), '),
(152, 'Expiry delay (days)', 'DOWNLOAD_MAX_DAYS', '7', 'Set number of days before the download link expires. 0 means no limit.', 13, 3, NULL, '2019-06-02 20:27:24', NULL, ''),
(153, 'Maximum number of downloads', 'DOWNLOAD_MAX_COUNT', '5', 'Set the maximum number of downloads. 0 means no download authorized.', 13, 4, NULL, '2019-06-02 20:27:24', NULL, ''),
(154, 'Enable GZip Compression', 'GZIP_COMPRESSION', 'false', 'Enable HTTP GZip compression.', 14, 1, NULL, '2019-06-02 20:27:24', NULL, 'tep_cfg_select_option(array(\'true\', \'false\'), '),
(155, 'Compression Level', 'GZIP_LEVEL', '5', 'Use this compression level 0-9 (0 = minimum, 9 = maximum).', 14, 2, NULL, '2019-06-02 20:27:24', NULL, NULL),
(156, 'Session Directory', 'SESSION_WRITE_DIRECTORY', 'C:/xampp/htdocs/oscommerce-2.3.4.1/catalog/includes/work/', 'If sessions are file based, store them in this directory.', 15, 1, NULL, '2019-06-02 20:27:24', NULL, NULL),
(157, 'Force Cookie Use', 'SESSION_FORCE_COOKIE_USE', 'False', 'Force the use of sessions when cookies are only enabled.', 15, 2, NULL, '2019-06-02 20:27:24', NULL, 'tep_cfg_select_option(array(\'True\', \'False\'), '),
(158, 'Check SSL Session ID', 'SESSION_CHECK_SSL_SESSION_ID', 'False', 'Validate the SSL_SESSION_ID on every secure HTTPS page request.', 15, 3, NULL, '2019-06-02 20:27:24', NULL, 'tep_cfg_select_option(array(\'True\', \'False\'), '),
(159, 'Check User Agent', 'SESSION_CHECK_USER_AGENT', 'False', 'Validate the clients browser user agent on every page request.', 15, 4, NULL, '2019-06-02 20:27:24', NULL, 'tep_cfg_select_option(array(\'True\', \'False\'), '),
(160, 'Check IP Address', 'SESSION_CHECK_IP_ADDRESS', 'False', 'Validate the clients IP address on every page request.', 15, 5, NULL, '2019-06-02 20:27:24', NULL, 'tep_cfg_select_option(array(\'True\', \'False\'), '),
(161, 'Prevent Spider Sessions', 'SESSION_BLOCK_SPIDERS', 'True', 'Prevent known spiders from starting a session.', 15, 6, NULL, '2019-06-02 20:27:24', NULL, 'tep_cfg_select_option(array(\'True\', \'False\'), '),
(162, 'Recreate Session', 'SESSION_RECREATE', 'True', 'Recreate the session to generate a new session ID when the customer logs on or creates an account (PHP >=4.1 needed).', 15, 7, NULL, '2019-06-02 20:27:24', NULL, 'tep_cfg_select_option(array(\'True\', \'False\'), '),
(163, 'Last Update Check Time', 'LAST_UPDATE_CHECK_TIME', '', 'Last time a check for new versions of osCommerce was run', 6, 0, NULL, '2019-06-02 20:27:25', NULL, NULL),
(164, 'Enable PayPal Express Checkout', 'MODULE_PAYMENT_PAYPAL_EXPRESS_STATUS', 'True', 'Do you want to accept PayPal Express Checkout payments?', 6, 1, NULL, '2019-06-02 20:27:27', NULL, 'tep_cfg_select_option(array(\'True\', \'False\'), '),
(165, 'Seller Account', 'MODULE_PAYMENT_PAYPAL_EXPRESS_SELLER_ACCOUNT', 'ME@ME.com', 'The email address of the seller account if no API credentials has been setup.', 6, 0, NULL, '2019-06-02 20:27:27', NULL, NULL),
(166, 'API Username', 'MODULE_PAYMENT_PAYPAL_EXPRESS_API_USERNAME', '', 'The username to use for the PayPal API service', 6, 0, NULL, '2019-06-02 20:27:27', NULL, NULL),
(167, 'API Password', 'MODULE_PAYMENT_PAYPAL_EXPRESS_API_PASSWORD', '', 'The password to use for the PayPal API service', 6, 0, NULL, '2019-06-02 20:27:27', NULL, NULL),
(168, 'API Signature', 'MODULE_PAYMENT_PAYPAL_EXPRESS_API_SIGNATURE', '', 'The signature to use for the PayPal API service', 6, 0, NULL, '2019-06-02 20:27:27', NULL, NULL),
(169, 'PayPal Account Optional', 'MODULE_PAYMENT_PAYPAL_EXPRESS_ACCOUNT_OPTIONAL', 'False', 'This must also be enabled in your PayPal account, in Profile > Website Payment Preferences.', 6, 0, NULL, '2019-06-02 20:27:27', NULL, 'tep_cfg_select_option(array(\'True\', \'False\'), '),
(170, 'PayPal Instant Update', 'MODULE_PAYMENT_PAYPAL_EXPRESS_INSTANT_UPDATE', 'True', 'Support PayPal shipping and tax calculations on the PayPal.com site during Express Checkout.', 6, 0, NULL, '2019-06-02 20:27:27', NULL, 'tep_cfg_select_option(array(\'True\', \'False\'), '),
(171, 'PayPal Checkout Image', 'MODULE_PAYMENT_PAYPAL_EXPRESS_CHECKOUT_IMAGE', 'Static', 'Use static or dynamic Express Checkout image buttons. Dynamic images are used with PayPal campaigns.', 6, 0, NULL, '2019-06-02 20:27:27', NULL, 'tep_cfg_select_option(array(\'Static\', \'Dynamic\'), '),
(172, 'Page Style', 'MODULE_PAYMENT_PAYPAL_EXPRESS_PAGE_STYLE', '', 'The page style to use for the checkout flow (defined at your PayPal Profile page)', 6, 0, NULL, '2019-06-02 20:27:27', NULL, NULL),
(173, 'Transaction Method', 'MODULE_PAYMENT_PAYPAL_EXPRESS_TRANSACTION_METHOD', 'Sale', 'The processing method to use for each transaction.', 6, 0, NULL, '2019-06-02 20:27:27', NULL, 'tep_cfg_select_option(array(\'Authorization\', \'Sale\'), '),
(174, 'Set Order Status', 'MODULE_PAYMENT_PAYPAL_EXPRESS_ORDER_STATUS_ID', '0', 'Set the status of orders made with this payment module to this value', 6, 0, NULL, '2019-06-02 20:27:27', 'tep_get_order_status_name', 'tep_cfg_pull_down_order_statuses('),
(175, 'PayPal Transactions Order Status Level', 'MODULE_PAYMENT_PAYPAL_EXPRESS_TRANSACTIONS_ORDER_STATUS_ID', '4', 'Include PayPal transaction information in this order status level', 6, 0, NULL, '2019-06-02 20:27:27', 'tep_get_order_status_name', 'tep_cfg_pull_down_order_statuses('),
(176, 'Payment Zone', 'MODULE_PAYMENT_PAYPAL_EXPRESS_ZONE', '0', 'If a zone is selected, only enable this payment method for that zone.', 6, 2, NULL, '2019-06-02 20:27:27', 'tep_get_zone_class_title', 'tep_cfg_pull_down_zone_classes('),
(177, 'Transaction Server', 'MODULE_PAYMENT_PAYPAL_EXPRESS_TRANSACTION_SERVER', 'Live', 'Use the live or testing (sandbox) gateway server to process transactions?', 6, 0, NULL, '2019-06-02 20:27:27', NULL, 'tep_cfg_select_option(array(\'Live\', \'Sandbox\'), '),
(178, 'Verify SSL Certificate', 'MODULE_PAYMENT_PAYPAL_EXPRESS_VERIFY_SSL', 'True', 'Verify gateway server SSL certificate on connection?', 6, 1, NULL, '2019-06-02 20:27:27', NULL, 'tep_cfg_select_option(array(\'True\', \'False\'), '),
(179, 'Proxy Server', 'MODULE_PAYMENT_PAYPAL_EXPRESS_PROXY', '', 'Send API requests through this proxy server. (host:port, eg: 123.45.67.89:8080 or proxy.example.com:8080)', 6, 0, NULL, '2019-06-02 20:27:27', NULL, NULL),
(180, 'Debug E-Mail Address', 'MODULE_PAYMENT_PAYPAL_EXPRESS_DEBUG_EMAIL', '', 'All parameters of an invalid transaction will be sent to this email address.', 6, 0, NULL, '2019-06-02 20:27:27', NULL, NULL),
(181, 'Sort order of display.', 'MODULE_PAYMENT_PAYPAL_EXPRESS_SORT_ORDER', '0', 'Sort order of display. Lowest is displayed first.', 6, 0, NULL, '2019-06-02 20:27:27', NULL, NULL),
(182, 'Installed Modules', 'MODULE_HEADER_TAGS_INSTALLED', 'ht_canonical.php;ht_manufacturer_title.php;ht_category_title.php;ht_product_title.php;ht_robot_noindex.php', 'List of header tag module filenames separated by a semi-colon. This is automatically updated. No need to edit.', 6, 0, NULL, '2019-06-02 20:27:27', NULL, NULL),
(183, 'Enable Category Title Module', 'MODULE_HEADER_TAGS_CATEGORY_TITLE_STATUS', 'True', 'Do you want to allow category titles to be added to the page title?', 6, 1, NULL, '2019-06-02 20:27:27', NULL, 'tep_cfg_select_option(array(\'True\', \'False\'), '),
(184, 'Sort Order', 'MODULE_HEADER_TAGS_CATEGORY_TITLE_SORT_ORDER', '200', 'Sort order of display. Lowest is displayed first.', 6, 0, NULL, '2019-06-02 20:27:27', NULL, NULL),
(185, 'Enable Manufacturer Title Module', 'MODULE_HEADER_TAGS_MANUFACTURER_TITLE_STATUS', 'True', 'Do you want to allow manufacturer titles to be added to the page title?', 6, 1, NULL, '2019-06-02 20:27:27', NULL, 'tep_cfg_select_option(array(\'True\', \'False\'), '),
(186, 'Sort Order', 'MODULE_HEADER_TAGS_MANUFACTURER_TITLE_SORT_ORDER', '100', 'Sort order of display. Lowest is displayed first.', 6, 0, NULL, '2019-06-02 20:27:27', NULL, NULL),
(187, 'Enable Product Title Module', 'MODULE_HEADER_TAGS_PRODUCT_TITLE_STATUS', 'True', 'Do you want to allow product titles to be added to the page title?', 6, 1, NULL, '2019-06-02 20:27:27', NULL, 'tep_cfg_select_option(array(\'True\', \'False\'), '),
(188, 'Sort Order', 'MODULE_HEADER_TAGS_PRODUCT_TITLE_SORT_ORDER', '300', 'Sort order of display. Lowest is displayed first.', 6, 0, NULL, '2019-06-02 20:27:27', NULL, NULL),
(189, 'Enable Canonical Module', 'MODULE_HEADER_TAGS_CANONICAL_STATUS', 'True', 'Do you want to enable the Canonical module?', 6, 1, NULL, '2019-06-02 20:27:27', NULL, 'tep_cfg_select_option(array(\'True\', \'False\'), '),
(190, 'Sort Order', 'MODULE_HEADER_TAGS_CANONICAL_SORT_ORDER', '400', 'Sort order of display. Lowest is displayed first.', 6, 0, NULL, '2019-06-02 20:27:27', NULL, NULL),
(191, 'Enable Robot NoIndex Module', 'MODULE_HEADER_TAGS_ROBOT_NOINDEX_STATUS', 'True', 'Do you want to enable the Robot NoIndex module?', 6, 1, NULL, '2019-06-02 20:27:27', NULL, 'tep_cfg_select_option(array(\'True\', \'False\'), '),
(192, 'Pages', 'MODULE_HEADER_TAGS_ROBOT_NOINDEX_PAGES', 'account.php;account_edit.php;account_history.php;account_history_info.php;account_newsletters.php;account_notifications.php;account_password.php;address_book.php;address_book_process.php;checkout_confirmation.php;checkout_payment.php;checkout_payment_address.php;checkout_process.php;checkout_shipping.php;checkout_shipping_address.php;checkout_success.php;cookie_usage.php;create_account.php;create_account_success.php;login.php;logoff.php;password_forgotten.php;password_reset.php;product_reviews_write.php;shopping_cart.php;ssl_check.php;tell_a_friend.php', 'The pages to add the meta robot noindex tag to.', 6, 0, NULL, '2019-06-02 20:27:27', 'ht_robot_noindex_show_pages', 'ht_robot_noindex_edit_pages('),
(193, 'Sort Order', 'MODULE_HEADER_TAGS_ROBOT_NOINDEX_SORT_ORDER', '500', 'Sort order of display. Lowest is displayed first.', 6, 0, NULL, '2019-06-02 20:27:27', NULL, NULL),
(194, 'Installed Modules', 'MODULE_ADMIN_DASHBOARD_INSTALLED', 'd_total_revenue.php;d_total_customers.php;d_orders.php;d_customers.php;d_admin_logins.php;d_security_checks.php;d_latest_news.php;d_latest_addons.php;d_partner_news.php;d_version_check.php;d_reviews.php', 'List of Administration Tool Dashboard module filenames separated by a semi-colon. This is automatically updated. No need to edit.', 6, 0, NULL, '2019-06-02 20:27:27', NULL, NULL),
(195, 'Enable Administrator Logins Module', 'MODULE_ADMIN_DASHBOARD_ADMIN_LOGINS_STATUS', 'True', 'Do you want to show the latest administrator logins on the dashboard?', 6, 1, NULL, '2019-06-02 20:27:27', NULL, 'tep_cfg_select_option(array(\'True\', \'False\'), '),
(196, 'Sort Order', 'MODULE_ADMIN_DASHBOARD_ADMIN_LOGINS_SORT_ORDER', '500', 'Sort order of display. Lowest is displayed first.', 6, 0, NULL, '2019-06-02 20:27:27', NULL, NULL),
(197, 'Enable Customers Module', 'MODULE_ADMIN_DASHBOARD_CUSTOMERS_STATUS', 'True', 'Do you want to show the newest customers on the dashboard?', 6, 1, NULL, '2019-06-02 20:27:27', NULL, 'tep_cfg_select_option(array(\'True\', \'False\'), '),
(198, 'Sort Order', 'MODULE_ADMIN_DASHBOARD_CUSTOMERS_SORT_ORDER', '400', 'Sort order of display. Lowest is displayed first.', 6, 0, NULL, '2019-06-02 20:27:27', NULL, NULL),
(199, 'Enable Latest Add-Ons Module', 'MODULE_ADMIN_DASHBOARD_LATEST_ADDONS_STATUS', 'True', 'Do you want to show the latest osCommerce Add-Ons on the dashboard?', 6, 1, NULL, '2019-06-02 20:27:27', NULL, 'tep_cfg_select_option(array(\'True\', \'False\'), '),
(200, 'Sort Order', 'MODULE_ADMIN_DASHBOARD_LATEST_ADDONS_SORT_ORDER', '800', 'Sort order of display. Lowest is displayed first.', 6, 0, NULL, '2019-06-02 20:27:27', NULL, NULL),
(201, 'Enable Latest News Module', 'MODULE_ADMIN_DASHBOARD_LATEST_NEWS_STATUS', 'True', 'Do you want to show the latest osCommerce News on the dashboard?', 6, 1, NULL, '2019-06-02 20:27:27', NULL, 'tep_cfg_select_option(array(\'True\', \'False\'), '),
(202, 'Sort Order', 'MODULE_ADMIN_DASHBOARD_LATEST_NEWS_SORT_ORDER', '700', 'Sort order of display. Lowest is displayed first.', 6, 0, NULL, '2019-06-02 20:27:27', NULL, NULL),
(203, 'Enable Orders Module', 'MODULE_ADMIN_DASHBOARD_ORDERS_STATUS', 'True', 'Do you want to show the latest orders on the dashboard?', 6, 1, NULL, '2019-06-02 20:27:27', NULL, 'tep_cfg_select_option(array(\'True\', \'False\'), '),
(204, 'Sort Order', 'MODULE_ADMIN_DASHBOARD_ORDERS_SORT_ORDER', '300', 'Sort order of display. Lowest is displayed first.', 6, 0, NULL, '2019-06-02 20:27:27', NULL, NULL),
(205, 'Enable Security Checks Module', 'MODULE_ADMIN_DASHBOARD_SECURITY_CHECKS_STATUS', 'True', 'Do you want to run the security checks for this installation?', 6, 1, NULL, '2019-06-02 20:27:27', NULL, 'tep_cfg_select_option(array(\'True\', \'False\'), '),
(206, 'Sort Order', 'MODULE_ADMIN_DASHBOARD_SECURITY_CHECKS_SORT_ORDER', '600', 'Sort order of display. Lowest is displayed first.', 6, 0, NULL, '2019-06-02 20:27:27', NULL, NULL),
(207, 'Enable Total Customers Module', 'MODULE_ADMIN_DASHBOARD_TOTAL_CUSTOMERS_STATUS', 'True', 'Do you want to show the total customers chart on the dashboard?', 6, 1, NULL, '2019-06-02 20:27:27', NULL, 'tep_cfg_select_option(array(\'True\', \'False\'), '),
(208, 'Sort Order', 'MODULE_ADMIN_DASHBOARD_TOTAL_CUSTOMERS_SORT_ORDER', '200', 'Sort order of display. Lowest is displayed first.', 6, 0, NULL, '2019-06-02 20:27:27', NULL, NULL),
(209, 'Enable Total Revenue Module', 'MODULE_ADMIN_DASHBOARD_TOTAL_REVENUE_STATUS', 'True', 'Do you want to show the total revenue chart on the dashboard?', 6, 1, NULL, '2019-06-02 20:27:27', NULL, 'tep_cfg_select_option(array(\'True\', \'False\'), '),
(210, 'Sort Order', 'MODULE_ADMIN_DASHBOARD_TOTAL_REVENUE_SORT_ORDER', '100', 'Sort order of display. Lowest is displayed first.', 6, 0, NULL, '2019-06-02 20:27:27', NULL, NULL),
(211, 'Enable Version Check Module', 'MODULE_ADMIN_DASHBOARD_VERSION_CHECK_STATUS', 'True', 'Do you want to show the version check results on the dashboard?', 6, 1, NULL, '2019-06-02 20:27:27', NULL, 'tep_cfg_select_option(array(\'True\', \'False\'), '),
(212, 'Sort Order', 'MODULE_ADMIN_DASHBOARD_VERSION_CHECK_SORT_ORDER', '900', 'Sort order of display. Lowest is displayed first.', 6, 0, NULL, '2019-06-02 20:27:27', NULL, NULL),
(213, 'Enable Latest Reviews Module', 'MODULE_ADMIN_DASHBOARD_REVIEWS_STATUS', 'True', 'Do you want to show the latest reviews on the dashboard?', 6, 1, NULL, '2019-06-02 20:27:27', NULL, 'tep_cfg_select_option(array(\'True\', \'False\'), '),
(214, 'Sort Order', 'MODULE_ADMIN_DASHBOARD_REVIEWS_SORT_ORDER', '1000', 'Sort order of display. Lowest is displayed first.', 6, 0, NULL, '2019-06-02 20:27:27', NULL, NULL),
(215, 'Enable Partner News Module', 'MODULE_ADMIN_DASHBOARD_PARTNER_NEWS_STATUS', 'True', 'Do you want to show the latest osCommerce Partner News on the dashboard?', 6, 1, NULL, '2019-06-02 20:27:27', NULL, 'tep_cfg_select_option(array(\'True\', \'False\'), '),
(216, 'Sort Order', 'MODULE_ADMIN_DASHBOARD_PARTNER_NEWS_SORT_ORDER', '820', 'Sort order of display. Lowest is displayed first.', 6, 0, NULL, '2019-06-02 20:27:27', NULL, NULL),
(217, 'Installed Modules', 'MODULE_BOXES_INSTALLED', 'bm_categories.php;bm_manufacturers.php;bm_search.php;bm_whats_new.php;bm_information.php;bm_card_acceptance.php;bm_shopping_cart.php;bm_manufacturer_info.php;bm_order_history.php;bm_best_sellers.php;bm_product_notifications.php;bm_product_social_bookmarks.php;bm_specials.php;bm_reviews.php;bm_languages.php;bm_currencies.php', 'List of box module filenames separated by a semi-colon. This is automatically updated. No need to edit.', 6, 0, NULL, '2019-06-02 20:27:27', NULL, NULL),
(218, 'Enable Best Sellers Module', 'MODULE_BOXES_BEST_SELLERS_STATUS', 'True', 'Do you want to add the module to your shop?', 6, 1, NULL, '2019-06-02 20:27:27', NULL, 'tep_cfg_select_option(array(\'True\', \'False\'), '),
(219, 'Content Placement', 'MODULE_BOXES_BEST_SELLERS_CONTENT_PLACEMENT', 'Right Column', 'Should the module be loaded in the left or right column?', 6, 1, NULL, '2019-06-02 20:27:27', NULL, 'tep_cfg_select_option(array(\'Left Column\', \'Right Column\'), '),
(220, 'Sort Order', 'MODULE_BOXES_BEST_SELLERS_SORT_ORDER', '5030', 'Sort order of display. Lowest is displayed first.', 6, 0, NULL, '2019-06-02 20:27:27', NULL, NULL),
(221, 'Enable Categories Module', 'MODULE_BOXES_CATEGORIES_STATUS', 'True', 'Do you want to add the module to your shop?', 6, 1, NULL, '2019-06-02 20:27:27', NULL, 'tep_cfg_select_option(array(\'True\', \'False\'), '),
(222, 'Content Placement', 'MODULE_BOXES_CATEGORIES_CONTENT_PLACEMENT', 'Left Column', 'Should the module be loaded in the left or right column?', 6, 1, NULL, '2019-06-02 20:27:27', NULL, 'tep_cfg_select_option(array(\'Left Column\', \'Right Column\'), '),
(223, 'Sort Order', 'MODULE_BOXES_CATEGORIES_SORT_ORDER', '1000', 'Sort order of display. Lowest is displayed first.', 6, 0, NULL, '2019-06-02 20:27:27', NULL, NULL),
(224, 'Enable Currencies Module', 'MODULE_BOXES_CURRENCIES_STATUS', 'True', 'Do you want to add the module to your shop?', 6, 1, NULL, '2019-06-02 20:27:27', NULL, 'tep_cfg_select_option(array(\'True\', \'False\'), '),
(225, 'Content Placement', 'MODULE_BOXES_CURRENCIES_CONTENT_PLACEMENT', 'Right Column', 'Should the module be loaded in the left or right column?', 6, 1, NULL, '2019-06-02 20:27:27', NULL, 'tep_cfg_select_option(array(\'Left Column\', \'Right Column\'), '),
(226, 'Sort Order', 'MODULE_BOXES_CURRENCIES_SORT_ORDER', '5090', 'Sort order of display. Lowest is displayed first.', 6, 0, NULL, '2019-06-02 20:27:27', NULL, NULL),
(227, 'Enable Information Module', 'MODULE_BOXES_INFORMATION_STATUS', 'True', 'Do you want to add the module to your shop?', 6, 1, NULL, '2019-06-02 20:27:27', NULL, 'tep_cfg_select_option(array(\'True\', \'False\'), '),
(228, 'Content Placement', 'MODULE_BOXES_INFORMATION_CONTENT_PLACEMENT', 'Left Column', 'Should the module be loaded in the left or right column?', 6, 1, NULL, '2019-06-02 20:27:27', NULL, 'tep_cfg_select_option(array(\'Left Column\', \'Right Column\'), '),
(229, 'Sort Order', 'MODULE_BOXES_INFORMATION_SORT_ORDER', '1050', 'Sort order of display. Lowest is displayed first.', 6, 0, NULL, '2019-06-02 20:27:27', NULL, NULL),
(230, 'Enable Languages Module', 'MODULE_BOXES_LANGUAGES_STATUS', 'True', 'Do you want to add the module to your shop?', 6, 1, NULL, '2019-06-02 20:27:27', NULL, 'tep_cfg_select_option(array(\'True\', \'False\'), '),
(231, 'Content Placement', 'MODULE_BOXES_LANGUAGES_CONTENT_PLACEMENT', 'Right Column', 'Should the module be loaded in the left or right column?', 6, 1, NULL, '2019-06-02 20:27:27', NULL, 'tep_cfg_select_option(array(\'Left Column\', \'Right Column\'), '),
(232, 'Sort Order', 'MODULE_BOXES_LANGUAGES_SORT_ORDER', '5080', 'Sort order of display. Lowest is displayed first.', 6, 0, NULL, '2019-06-02 20:27:27', NULL, NULL),
(233, 'Enable Manufacturer Info Module', 'MODULE_BOXES_MANUFACTURER_INFO_STATUS', 'True', 'Do you want to add the module to your shop?', 6, 1, NULL, '2019-06-02 20:27:27', NULL, 'tep_cfg_select_option(array(\'True\', \'False\'), '),
(234, 'Content Placement', 'MODULE_BOXES_MANUFACTURER_INFO_CONTENT_PLACEMENT', 'Right Column', 'Should the module be loaded in the left or right column?', 6, 1, NULL, '2019-06-02 20:27:27', NULL, 'tep_cfg_select_option(array(\'Left Column\', \'Right Column\'), '),
(235, 'Sort Order', 'MODULE_BOXES_MANUFACTURER_INFO_SORT_ORDER', '5010', 'Sort order of display. Lowest is displayed first.', 6, 0, NULL, '2019-06-02 20:27:27', NULL, NULL),
(236, 'Enable Manufacturers Module', 'MODULE_BOXES_MANUFACTURERS_STATUS', 'True', 'Do you want to add the module to your shop?', 6, 1, NULL, '2019-06-02 20:27:27', NULL, 'tep_cfg_select_option(array(\'True\', \'False\'), '),
(237, 'Content Placement', 'MODULE_BOXES_MANUFACTURERS_CONTENT_PLACEMENT', 'Left Column', 'Should the module be loaded in the left or right column?', 6, 1, NULL, '2019-06-02 20:27:27', NULL, 'tep_cfg_select_option(array(\'Left Column\', \'Right Column\'), '),
(238, 'Sort Order', 'MODULE_BOXES_MANUFACTURERS_SORT_ORDER', '1020', 'Sort order of display. Lowest is displayed first.', 6, 0, NULL, '2019-06-02 20:27:27', NULL, NULL),
(239, 'Enable Order History Module', 'MODULE_BOXES_ORDER_HISTORY_STATUS', 'True', 'Do you want to add the module to your shop?', 6, 1, NULL, '2019-06-02 20:27:27', NULL, 'tep_cfg_select_option(array(\'True\', \'False\'), '),
(240, 'Content Placement', 'MODULE_BOXES_ORDER_HISTORY_CONTENT_PLACEMENT', 'Right Column', 'Should the module be loaded in the left or right column?', 6, 1, NULL, '2019-06-02 20:27:27', NULL, 'tep_cfg_select_option(array(\'Left Column\', \'Right Column\'), '),
(241, 'Sort Order', 'MODULE_BOXES_ORDER_HISTORY_SORT_ORDER', '5020', 'Sort order of display. Lowest is displayed first.', 6, 0, NULL, '2019-06-02 20:27:27', NULL, NULL),
(242, 'Enable Product Notifications Module', 'MODULE_BOXES_PRODUCT_NOTIFICATIONS_STATUS', 'True', 'Do you want to add the module to your shop?', 6, 1, NULL, '2019-06-02 20:27:27', NULL, 'tep_cfg_select_option(array(\'True\', \'False\'), ');
INSERT INTO `configuration` (`configuration_id`, `configuration_title`, `configuration_key`, `configuration_value`, `configuration_description`, `configuration_group_id`, `sort_order`, `last_modified`, `date_added`, `use_function`, `set_function`) VALUES
(243, 'Content Placement', 'MODULE_BOXES_PRODUCT_NOTIFICATIONS_CONTENT_PLACEMENT', 'Right Column', 'Should the module be loaded in the left or right column?', 6, 1, NULL, '2019-06-02 20:27:27', NULL, 'tep_cfg_select_option(array(\'Left Column\', \'Right Column\'), '),
(244, 'Sort Order', 'MODULE_BOXES_PRODUCT_NOTIFICATIONS_SORT_ORDER', '5040', 'Sort order of display. Lowest is displayed first.', 6, 0, NULL, '2019-06-02 20:27:27', NULL, NULL),
(245, 'Enable Product Social Bookmarks Module', 'MODULE_BOXES_PRODUCT_SOCIAL_BOOKMARKS_STATUS', 'True', 'Do you want to add the module to your shop?', 6, 1, NULL, '2019-06-02 20:27:27', NULL, 'tep_cfg_select_option(array(\'True\', \'False\'), '),
(246, 'Content Placement', 'MODULE_BOXES_PRODUCT_SOCIAL_BOOKMARKS_CONTENT_PLACEMENT', 'Right Column', 'Should the module be loaded in the left or right column?', 6, 1, NULL, '2019-06-02 20:27:27', NULL, 'tep_cfg_select_option(array(\'Left Column\', \'Right Column\'), '),
(247, 'Sort Order', 'MODULE_BOXES_PRODUCT_SOCIAL_BOOKMARKS_SORT_ORDER', '5050', 'Sort order of display. Lowest is displayed first.', 6, 0, NULL, '2019-06-02 20:27:27', NULL, NULL),
(248, 'Enable Reviews Module', 'MODULE_BOXES_REVIEWS_STATUS', 'True', 'Do you want to add the module to your shop?', 6, 1, NULL, '2019-06-02 20:27:27', NULL, 'tep_cfg_select_option(array(\'True\', \'False\'), '),
(249, 'Content Placement', 'MODULE_BOXES_REVIEWS_CONTENT_PLACEMENT', 'Right Column', 'Should the module be loaded in the left or right column?', 6, 1, NULL, '2019-06-02 20:27:27', NULL, 'tep_cfg_select_option(array(\'Left Column\', \'Right Column\'), '),
(250, 'Sort Order', 'MODULE_BOXES_REVIEWS_SORT_ORDER', '5070', 'Sort order of display. Lowest is displayed first.', 6, 0, NULL, '2019-06-02 20:27:27', NULL, NULL),
(251, 'Enable Search Module', 'MODULE_BOXES_SEARCH_STATUS', 'True', 'Do you want to add the module to your shop?', 6, 1, NULL, '2019-06-02 20:27:27', NULL, 'tep_cfg_select_option(array(\'True\', \'False\'), '),
(252, 'Content Placement', 'MODULE_BOXES_SEARCH_CONTENT_PLACEMENT', 'Left Column', 'Should the module be loaded in the left or right column?', 6, 1, NULL, '2019-06-02 20:27:27', NULL, 'tep_cfg_select_option(array(\'Left Column\', \'Right Column\'), '),
(253, 'Sort Order', 'MODULE_BOXES_SEARCH_SORT_ORDER', '1030', 'Sort order of display. Lowest is displayed first.', 6, 0, NULL, '2019-06-02 20:27:27', NULL, NULL),
(254, 'Enable Shopping Cart Module', 'MODULE_BOXES_SHOPPING_CART_STATUS', 'True', 'Do you want to add the module to your shop?', 6, 1, NULL, '2019-06-02 20:27:27', NULL, 'tep_cfg_select_option(array(\'True\', \'False\'), '),
(255, 'Content Placement', 'MODULE_BOXES_SHOPPING_CART_CONTENT_PLACEMENT', 'Right Column', 'Should the module be loaded in the left or right column?', 6, 1, NULL, '2019-06-02 20:27:27', NULL, 'tep_cfg_select_option(array(\'Left Column\', \'Right Column\'), '),
(256, 'Sort Order', 'MODULE_BOXES_SHOPPING_CART_SORT_ORDER', '5000', 'Sort order of display. Lowest is displayed first.', 6, 0, NULL, '2019-06-02 20:27:27', NULL, NULL),
(257, 'Enable Specials Module', 'MODULE_BOXES_SPECIALS_STATUS', 'True', 'Do you want to add the module to your shop?', 6, 1, NULL, '2019-06-02 20:27:27', NULL, 'tep_cfg_select_option(array(\'True\', \'False\'), '),
(258, 'Content Placement', 'MODULE_BOXES_SPECIALS_CONTENT_PLACEMENT', 'Right Column', 'Should the module be loaded in the left or right column?', 6, 1, NULL, '2019-06-02 20:27:27', NULL, 'tep_cfg_select_option(array(\'Left Column\', \'Right Column\'), '),
(259, 'Sort Order', 'MODULE_BOXES_SPECIALS_SORT_ORDER', '5060', 'Sort order of display. Lowest is displayed first.', 6, 0, NULL, '2019-06-02 20:27:27', NULL, NULL),
(260, 'Enable What\'s New Module', 'MODULE_BOXES_WHATS_NEW_STATUS', 'True', 'Do you want to add the module to your shop?', 6, 1, NULL, '2019-06-02 20:27:27', NULL, 'tep_cfg_select_option(array(\'True\', \'False\'), '),
(261, 'Content Placement', 'MODULE_BOXES_WHATS_NEW_CONTENT_PLACEMENT', 'Left Column', 'Should the module be loaded in the left or right column?', 6, 1, NULL, '2019-06-02 20:27:27', NULL, 'tep_cfg_select_option(array(\'Left Column\', \'Right Column\'), '),
(262, 'Sort Order', 'MODULE_BOXES_WHATS_NEW_SORT_ORDER', '1040', 'Sort order of display. Lowest is displayed first.', 6, 0, NULL, '2019-06-02 20:27:27', NULL, NULL),
(263, 'Enable Card Acceptance Module', 'MODULE_BOXES_CARD_ACCEPTANCE_STATUS', 'True', 'Do you want to add the module to your shop?', 6, 1, NULL, '2019-06-02 20:27:28', NULL, 'tep_cfg_select_option(array(\'True\', \'False\'), '),
(264, 'Logos', 'MODULE_BOXES_CARD_ACCEPTANCE_LOGOS', 'paypal_horizontal_large.png;visa.png;mastercard_transparent.png;american_express.png;maestro_transparent.png', 'The card acceptance logos to show.', 6, 0, NULL, '2019-06-02 20:27:28', 'bm_card_acceptance_show_logos', 'bm_card_acceptance_edit_logos('),
(265, 'Content Placement', 'MODULE_BOXES_CARD_ACCEPTANCE_CONTENT_PLACEMENT', 'Left Column', 'Should the module be loaded in the left or right column?', 6, 1, NULL, '2019-06-02 20:27:28', NULL, 'tep_cfg_select_option(array(\'Left Column\', \'Right Column\'), '),
(266, 'Sort Order', 'MODULE_BOXES_CARD_ACCEPTANCE_SORT_ORDER', '1060', 'Sort order of display. Lowest is displayed first.', 6, 0, NULL, '2019-06-02 20:27:28', NULL, NULL),
(267, 'Installed Template Block Groups', 'TEMPLATE_BLOCK_GROUPS', 'boxes;header_tags', 'This is automatically updated. No need to edit.', 6, 0, NULL, '2019-06-02 20:27:28', NULL, NULL),
(268, 'Installed Modules', 'MODULE_CONTENT_INSTALLED', 'account/cm_account_set_password;checkout_success/cm_cs_redirect_old_order;checkout_success/cm_cs_thank_you;checkout_success/cm_cs_product_notifications;checkout_success/cm_cs_downloads;login/cm_login_form;login/cm_create_account_link', 'This is automatically updated. No need to edit.', 6, 0, NULL, '2019-06-02 20:27:28', NULL, NULL),
(269, 'Enable Set Account Password', 'MODULE_CONTENT_ACCOUNT_SET_PASSWORD_STATUS', 'True', 'Do you want to enable the Set Account Password module?', 6, 1, NULL, '2019-06-02 20:27:28', NULL, 'tep_cfg_select_option(array(\'True\', \'False\'), '),
(270, 'Allow Local Passwords', 'MODULE_CONTENT_ACCOUNT_SET_PASSWORD_ALLOW_PASSWORD', 'True', 'Allow local account passwords to be set.', 6, 1, NULL, '2019-06-02 20:27:28', NULL, 'tep_cfg_select_option(array(\'True\', \'False\'), '),
(271, 'Sort Order', 'MODULE_CONTENT_ACCOUNT_SET_PASSWORD_SORT_ORDER', '100', 'Sort order of display. Lowest is displayed first.', 6, 0, NULL, '2019-06-02 20:27:28', NULL, NULL),
(272, 'Enable Redirect Old Order Module', 'MODULE_CONTENT_CHECKOUT_SUCCESS_REDIRECT_OLD_ORDER_STATUS', 'True', 'Should customers be redirected when viewing old checkout success orders?', 6, 1, NULL, '2019-06-02 20:27:28', NULL, 'tep_cfg_select_option(array(\'True\', \'False\'), '),
(273, 'Redirect Minutes', 'MODULE_CONTENT_CHECKOUT_SUCCESS_REDIRECT_OLD_ORDER_MINUTES', '60', 'Redirect customers to the My Account page after an order older than this amount is viewed.', 6, 0, NULL, '2019-06-02 20:27:28', NULL, NULL),
(274, 'Sort Order', 'MODULE_CONTENT_CHECKOUT_SUCCESS_REDIRECT_OLD_ORDER_SORT_ORDER', '500', 'Sort order of display. Lowest is displayed first.', 6, 0, NULL, '2019-06-02 20:27:28', NULL, NULL),
(275, 'Enable Thank You Module', 'MODULE_CONTENT_CHECKOUT_SUCCESS_THANK_YOU_STATUS', 'True', 'Should the thank you block be shown on the checkout success page?', 6, 1, NULL, '2019-06-02 20:27:28', NULL, 'tep_cfg_select_option(array(\'True\', \'False\'), '),
(276, 'Sort Order', 'MODULE_CONTENT_CHECKOUT_SUCCESS_THANK_YOU_SORT_ORDER', '1000', 'Sort order of display. Lowest is displayed first.', 6, 0, NULL, '2019-06-02 20:27:28', NULL, NULL),
(277, 'Enable Product Notifications Module', 'MODULE_CONTENT_CHECKOUT_SUCCESS_PRODUCT_NOTIFICATIONS_STATUS', 'True', 'Should the product notifications block be shown on the checkout success page?', 6, 1, NULL, '2019-06-02 20:27:28', NULL, 'tep_cfg_select_option(array(\'True\', \'False\'), '),
(278, 'Sort Order', 'MODULE_CONTENT_CHECKOUT_SUCCESS_PRODUCT_NOTIFICATIONS_SORT_ORDER', '2000', 'Sort order of display. Lowest is displayed first.', 6, 3, NULL, '2019-06-02 20:27:28', NULL, NULL),
(279, 'Enable Product Downloads Module', 'MODULE_CONTENT_CHECKOUT_SUCCESS_DOWNLOADS_STATUS', 'True', 'Should ordered product download links be shown on the checkout success page?', 6, 1, NULL, '2019-06-02 20:27:28', NULL, 'tep_cfg_select_option(array(\'True\', \'False\'), '),
(280, 'Sort Order', 'MODULE_CONTENT_CHECKOUT_SUCCESS_DOWNLOADS_SORT_ORDER', '3000', 'Sort order of display. Lowest is displayed first.', 6, 3, NULL, '2019-06-02 20:27:28', NULL, NULL),
(281, 'Enable Login Form Module', 'MODULE_CONTENT_LOGIN_FORM_STATUS', 'True', 'Do you want to enable the login form module?', 6, 1, NULL, '2019-06-02 20:27:28', NULL, 'tep_cfg_select_option(array(\'True\', \'False\'), '),
(282, 'Content Width', 'MODULE_CONTENT_LOGIN_FORM_CONTENT_WIDTH', 'Half', 'Should the content be shown in a full or half width container?', 6, 1, NULL, '2019-06-02 20:27:28', NULL, 'tep_cfg_select_option(array(\'Full\', \'Half\'), '),
(283, 'Sort Order', 'MODULE_CONTENT_LOGIN_FORM_SORT_ORDER', '1000', 'Sort order of display. Lowest is displayed first.', 6, 0, NULL, '2019-06-02 20:27:28', NULL, NULL),
(284, 'Enable New User Module', 'MODULE_CONTENT_CREATE_ACCOUNT_LINK_STATUS', 'True', 'Do you want to enable the new user module?', 6, 1, NULL, '2019-06-02 20:27:28', NULL, 'tep_cfg_select_option(array(\'True\', \'False\'), '),
(285, 'Content Width', 'MODULE_CONTENT_CREATE_ACCOUNT_LINK_CONTENT_WIDTH', 'Half', 'Should the content be shown in a full or half width container?', 6, 1, NULL, '2019-06-02 20:27:28', NULL, 'tep_cfg_select_option(array(\'Full\', \'Half\'), '),
(286, 'Sort Order', 'MODULE_CONTENT_CREATE_ACCOUNT_LINK_SORT_ORDER', '2000', 'Sort order of display. Lowest is displayed first.', 6, 0, NULL, '2019-06-02 20:27:28', NULL, NULL);

-- --------------------------------------------------------

--
-- Table structure for table `configuration_group`
--

CREATE TABLE `configuration_group` (
  `configuration_group_id` int(11) NOT NULL,
  `configuration_group_title` varchar(64) COLLATE utf8_unicode_ci NOT NULL,
  `configuration_group_description` varchar(255) COLLATE utf8_unicode_ci NOT NULL,
  `sort_order` int(5) DEFAULT NULL,
  `visible` int(1) DEFAULT '1'
) ENGINE=InnoDB DEFAULT CHARSET=utf8 COLLATE=utf8_unicode_ci;

--
-- Dumping data for table `configuration_group`
--

INSERT INTO `configuration_group` (`configuration_group_id`, `configuration_group_title`, `configuration_group_description`, `sort_order`, `visible`) VALUES
(1, 'My Store', 'General information about my store', 1, 1),
(2, 'Minimum Values', 'The minimum values for functions / data', 2, 1),
(3, 'Maximum Values', 'The maximum values for functions / data', 3, 1),
(4, 'Images', 'Image parameters', 4, 1),
(5, 'Customer Details', 'Customer account configuration', 5, 1),
(6, 'Module Options', 'Hidden from configuration', 6, 0),
(7, 'Shipping/Packaging', 'Shipping options available at my store', 7, 1),
(8, 'Product Listing', 'Product Listing    configuration options', 8, 1),
(9, 'Stock', 'Stock configuration options', 9, 1),
(10, 'Logging', 'Logging configuration options', 10, 1),
(11, 'Cache', 'Caching configuration options', 11, 1),
(12, 'E-Mail Options', 'General setting for E-Mail transport and HTML E-Mails', 12, 1),
(13, 'Download', 'Downloadable products options', 13, 1),
(14, 'GZip Compression', 'GZip compression options', 14, 1),
(15, 'Sessions', 'Session options', 15, 1);

-- --------------------------------------------------------

--
-- Table structure for table `counter`
--

CREATE TABLE `counter` (
  `startdate` char(8) COLLATE utf8_unicode_ci DEFAULT NULL,
  `counter` int(12) DEFAULT NULL
) ENGINE=InnoDB DEFAULT CHARSET=utf8 COLLATE=utf8_unicode_ci;

--
-- Dumping data for table `counter`
--

INSERT INTO `counter` (`startdate`, `counter`) VALUES
('20190602', 127);

-- --------------------------------------------------------

--
-- Table structure for table `counter_history`
--

CREATE TABLE `counter_history` (
  `month` char(8) COLLATE utf8_unicode_ci DEFAULT NULL,
  `counter` int(12) DEFAULT NULL
) ENGINE=InnoDB DEFAULT CHARSET=utf8 COLLATE=utf8_unicode_ci;

-- --------------------------------------------------------

--
-- Table structure for table `countries`
--

CREATE TABLE `countries` (
  `countries_id` int(11) NOT NULL,
  `countries_name` varchar(255) COLLATE utf8_unicode_ci NOT NULL,
  `countries_iso_code_2` char(2) COLLATE utf8_unicode_ci NOT NULL,
  `countries_iso_code_3` char(3) COLLATE utf8_unicode_ci NOT NULL,
  `address_format_id` int(11) NOT NULL
) ENGINE=InnoDB DEFAULT CHARSET=utf8 COLLATE=utf8_unicode_ci;

--
-- Dumping data for table `countries`
--

INSERT INTO `countries` (`countries_id`, `countries_name`, `countries_iso_code_2`, `countries_iso_code_3`, `address_format_id`) VALUES
(1, 'Afghanistan', 'AF', 'AFG', 1),
(2, 'Albania', 'AL', 'ALB', 1),
(3, 'Algeria', 'DZ', 'DZA', 1),
(4, 'American Samoa', 'AS', 'ASM', 1),
(5, 'Andorra', 'AD', 'AND', 1),
(6, 'Angola', 'AO', 'AGO', 1),
(7, 'Anguilla', 'AI', 'AIA', 1),
(8, 'Antarctica', 'AQ', 'ATA', 1),
(9, 'Antigua and Barbuda', 'AG', 'ATG', 1),
(10, 'Argentina', 'AR', 'ARG', 1),
(11, 'Armenia', 'AM', 'ARM', 1),
(12, 'Aruba', 'AW', 'ABW', 1),
(13, 'Australia', 'AU', 'AUS', 1),
(14, 'Austria', 'AT', 'AUT', 5),
(15, 'Azerbaijan', 'AZ', 'AZE', 1),
(16, 'Bahamas', 'BS', 'BHS', 1),
(17, 'Bahrain', 'BH', 'BHR', 1),
(18, 'Bangladesh', 'BD', 'BGD', 1),
(19, 'Barbados', 'BB', 'BRB', 1),
(20, 'Belarus', 'BY', 'BLR', 1),
(21, 'Belgium', 'BE', 'BEL', 1),
(22, 'Belize', 'BZ', 'BLZ', 1),
(23, 'Benin', 'BJ', 'BEN', 1),
(24, 'Bermuda', 'BM', 'BMU', 1),
(25, 'Bhutan', 'BT', 'BTN', 1),
(26, 'Bolivia', 'BO', 'BOL', 1),
(27, 'Bosnia and Herzegowina', 'BA', 'BIH', 1),
(28, 'Botswana', 'BW', 'BWA', 1),
(29, 'Bouvet Island', 'BV', 'BVT', 1),
(30, 'Brazil', 'BR', 'BRA', 1),
(31, 'British Indian Ocean Territory', 'IO', 'IOT', 1),
(32, 'Brunei Darussalam', 'BN', 'BRN', 1),
(33, 'Bulgaria', 'BG', 'BGR', 1),
(34, 'Burkina Faso', 'BF', 'BFA', 1),
(35, 'Burundi', 'BI', 'BDI', 1),
(36, 'Cambodia', 'KH', 'KHM', 1),
(37, 'Cameroon', 'CM', 'CMR', 1),
(38, 'Canada', 'CA', 'CAN', 1),
(39, 'Cape Verde', 'CV', 'CPV', 1),
(40, 'Cayman Islands', 'KY', 'CYM', 1),
(41, 'Central African Republic', 'CF', 'CAF', 1),
(42, 'Chad', 'TD', 'TCD', 1),
(43, 'Chile', 'CL', 'CHL', 1),
(44, 'China', 'CN', 'CHN', 1),
(45, 'Christmas Island', 'CX', 'CXR', 1),
(46, 'Cocos (Keeling) Islands', 'CC', 'CCK', 1),
(47, 'Colombia', 'CO', 'COL', 1),
(48, 'Comoros', 'KM', 'COM', 1),
(49, 'Congo', 'CG', 'COG', 1),
(50, 'Cook Islands', 'CK', 'COK', 1),
(51, 'Costa Rica', 'CR', 'CRI', 1),
(52, 'Cote D\'Ivoire', 'CI', 'CIV', 1),
(53, 'Croatia', 'HR', 'HRV', 1),
(54, 'Cuba', 'CU', 'CUB', 1),
(55, 'Cyprus', 'CY', 'CYP', 1),
(56, 'Czech Republic', 'CZ', 'CZE', 1),
(57, 'Denmark', 'DK', 'DNK', 1),
(58, 'Djibouti', 'DJ', 'DJI', 1),
(59, 'Dominica', 'DM', 'DMA', 1),
(60, 'Dominican Republic', 'DO', 'DOM', 1),
(61, 'East Timor', 'TP', 'TMP', 1),
(62, 'Ecuador', 'EC', 'ECU', 1),
(63, 'Egypt', 'EG', 'EGY', 1),
(64, 'El Salvador', 'SV', 'SLV', 1),
(65, 'Equatorial Guinea', 'GQ', 'GNQ', 1),
(66, 'Eritrea', 'ER', 'ERI', 1),
(67, 'Estonia', 'EE', 'EST', 1),
(68, 'Ethiopia', 'ET', 'ETH', 1),
(69, 'Falkland Islands (Malvinas)', 'FK', 'FLK', 1),
(70, 'Faroe Islands', 'FO', 'FRO', 1),
(71, 'Fiji', 'FJ', 'FJI', 1),
(72, 'Finland', 'FI', 'FIN', 1),
(73, 'France', 'FR', 'FRA', 1),
(74, 'France, Metropolitan', 'FX', 'FXX', 1),
(75, 'French Guiana', 'GF', 'GUF', 1),
(76, 'French Polynesia', 'PF', 'PYF', 1),
(77, 'French Southern Territories', 'TF', 'ATF', 1),
(78, 'Gabon', 'GA', 'GAB', 1),
(79, 'Gambia', 'GM', 'GMB', 1),
(80, 'Georgia', 'GE', 'GEO', 1),
(81, 'Germany', 'DE', 'DEU', 5),
(82, 'Ghana', 'GH', 'GHA', 1),
(83, 'Gibraltar', 'GI', 'GIB', 1),
(84, 'Greece', 'GR', 'GRC', 1),
(85, 'Greenland', 'GL', 'GRL', 1),
(86, 'Grenada', 'GD', 'GRD', 1),
(87, 'Guadeloupe', 'GP', 'GLP', 1),
(88, 'Guam', 'GU', 'GUM', 1),
(89, 'Guatemala', 'GT', 'GTM', 1),
(90, 'Guinea', 'GN', 'GIN', 1),
(91, 'Guinea-bissau', 'GW', 'GNB', 1),
(92, 'Guyana', 'GY', 'GUY', 1),
(93, 'Haiti', 'HT', 'HTI', 1),
(94, 'Heard and Mc Donald Islands', 'HM', 'HMD', 1),
(95, 'Honduras', 'HN', 'HND', 1),
(96, 'Hong Kong', 'HK', 'HKG', 1),
(97, 'Hungary', 'HU', 'HUN', 1),
(98, 'Iceland', 'IS', 'ISL', 1),
(99, 'India', 'IN', 'IND', 1),
(100, 'Indonesia', 'ID', 'IDN', 1),
(101, 'Iran (Islamic Republic of)', 'IR', 'IRN', 1),
(102, 'Iraq', 'IQ', 'IRQ', 1),
(103, 'Ireland', 'IE', 'IRL', 1),
(104, 'Israel', 'IL', 'ISR', 1),
(105, 'Italy', 'IT', 'ITA', 1),
(106, 'Jamaica', 'JM', 'JAM', 1),
(107, 'Japan', 'JP', 'JPN', 1),
(108, 'Jordan', 'JO', 'JOR', 1),
(109, 'Kazakhstan', 'KZ', 'KAZ', 1),
(110, 'Kenya', 'KE', 'KEN', 1),
(111, 'Kiribati', 'KI', 'KIR', 1),
(112, 'Korea, Democratic People\'s Republic of', 'KP', 'PRK', 1),
(113, 'Korea, Republic of', 'KR', 'KOR', 1),
(114, 'Kuwait', 'KW', 'KWT', 1),
(115, 'Kyrgyzstan', 'KG', 'KGZ', 1),
(116, 'Lao People\'s Democratic Republic', 'LA', 'LAO', 1),
(117, 'Latvia', 'LV', 'LVA', 1),
(118, 'Lebanon', 'LB', 'LBN', 1),
(119, 'Lesotho', 'LS', 'LSO', 1),
(120, 'Liberia', 'LR', 'LBR', 1),
(121, 'Libyan Arab Jamahiriya', 'LY', 'LBY', 1),
(122, 'Liechtenstein', 'LI', 'LIE', 1),
(123, 'Lithuania', 'LT', 'LTU', 1),
(124, 'Luxembourg', 'LU', 'LUX', 1),
(125, 'Macau', 'MO', 'MAC', 1),
(126, 'Macedonia, The Former Yugoslav Republic of', 'MK', 'MKD', 1),
(127, 'Madagascar', 'MG', 'MDG', 1),
(128, 'Malawi', 'MW', 'MWI', 1),
(129, 'Malaysia', 'MY', 'MYS', 1),
(130, 'Maldives', 'MV', 'MDV', 1),
(131, 'Mali', 'ML', 'MLI', 1),
(132, 'Malta', 'MT', 'MLT', 1),
(133, 'Marshall Islands', 'MH', 'MHL', 1),
(134, 'Martinique', 'MQ', 'MTQ', 1),
(135, 'Mauritania', 'MR', 'MRT', 1),
(136, 'Mauritius', 'MU', 'MUS', 1),
(137, 'Mayotte', 'YT', 'MYT', 1),
(138, 'Mexico', 'MX', 'MEX', 1),
(139, 'Micronesia, Federated States of', 'FM', 'FSM', 1),
(140, 'Moldova, Republic of', 'MD', 'MDA', 1),
(141, 'Monaco', 'MC', 'MCO', 1),
(142, 'Mongolia', 'MN', 'MNG', 1),
(143, 'Montserrat', 'MS', 'MSR', 1),
(144, 'Morocco', 'MA', 'MAR', 1),
(145, 'Mozambique', 'MZ', 'MOZ', 1),
(146, 'Myanmar', 'MM', 'MMR', 1),
(147, 'Namibia', 'NA', 'NAM', 1),
(148, 'Nauru', 'NR', 'NRU', 1),
(149, 'Nepal', 'NP', 'NPL', 1),
(150, 'Netherlands', 'NL', 'NLD', 1),
(151, 'Netherlands Antilles', 'AN', 'ANT', 1),
(152, 'New Caledonia', 'NC', 'NCL', 1),
(153, 'New Zealand', 'NZ', 'NZL', 1),
(154, 'Nicaragua', 'NI', 'NIC', 1),
(155, 'Niger', 'NE', 'NER', 1),
(156, 'Nigeria', 'NG', 'NGA', 1),
(157, 'Niue', 'NU', 'NIU', 1),
(158, 'Norfolk Island', 'NF', 'NFK', 1),
(159, 'Northern Mariana Islands', 'MP', 'MNP', 1),
(160, 'Norway', 'NO', 'NOR', 1),
(161, 'Oman', 'OM', 'OMN', 1),
(162, 'Pakistan', 'PK', 'PAK', 1),
(163, 'Palau', 'PW', 'PLW', 1),
(164, 'Panama', 'PA', 'PAN', 1),
(165, 'Papua New Guinea', 'PG', 'PNG', 1),
(166, 'Paraguay', 'PY', 'PRY', 1),
(167, 'Peru', 'PE', 'PER', 1),
(168, 'Philippines', 'PH', 'PHL', 1),
(169, 'Pitcairn', 'PN', 'PCN', 1),
(170, 'Poland', 'PL', 'POL', 1),
(171, 'Portugal', 'PT', 'PRT', 1),
(172, 'Puerto Rico', 'PR', 'PRI', 1),
(173, 'Qatar', 'QA', 'QAT', 1),
(174, 'Reunion', 'RE', 'REU', 1),
(175, 'Romania', 'RO', 'ROM', 1),
(176, 'Russian Federation', 'RU', 'RUS', 1),
(177, 'Rwanda', 'RW', 'RWA', 1),
(178, 'Saint Kitts and Nevis', 'KN', 'KNA', 1),
(179, 'Saint Lucia', 'LC', 'LCA', 1),
(180, 'Saint Vincent and the Grenadines', 'VC', 'VCT', 1),
(181, 'Samoa', 'WS', 'WSM', 1),
(182, 'San Marino', 'SM', 'SMR', 1),
(183, 'Sao Tome and Principe', 'ST', 'STP', 1),
(184, 'Saudi Arabia', 'SA', 'SAU', 1),
(185, 'Senegal', 'SN', 'SEN', 1),
(186, 'Seychelles', 'SC', 'SYC', 1),
(187, 'Sierra Leone', 'SL', 'SLE', 1),
(188, 'Singapore', 'SG', 'SGP', 4),
(189, 'Slovakia (Slovak Republic)', 'SK', 'SVK', 1),
(190, 'Slovenia', 'SI', 'SVN', 1),
(191, 'Solomon Islands', 'SB', 'SLB', 1),
(192, 'Somalia', 'SO', 'SOM', 1),
(193, 'South Africa', 'ZA', 'ZAF', 1),
(194, 'South Georgia and the South Sandwich Islands', 'GS', 'SGS', 1),
(195, 'Spain', 'ES', 'ESP', 3),
(196, 'Sri Lanka', 'LK', 'LKA', 1),
(197, 'St. Helena', 'SH', 'SHN', 1),
(198, 'St. Pierre and Miquelon', 'PM', 'SPM', 1),
(199, 'Sudan', 'SD', 'SDN', 1),
(200, 'Suriname', 'SR', 'SUR', 1),
(201, 'Svalbard and Jan Mayen Islands', 'SJ', 'SJM', 1),
(202, 'Swaziland', 'SZ', 'SWZ', 1),
(203, 'Sweden', 'SE', 'SWE', 1),
(204, 'Switzerland', 'CH', 'CHE', 1),
(205, 'Syrian Arab Republic', 'SY', 'SYR', 1),
(206, 'Taiwan', 'TW', 'TWN', 1),
(207, 'Tajikistan', 'TJ', 'TJK', 1),
(208, 'Tanzania, United Republic of', 'TZ', 'TZA', 1),
(209, 'Thailand', 'TH', 'THA', 1),
(210, 'Togo', 'TG', 'TGO', 1),
(211, 'Tokelau', 'TK', 'TKL', 1),
(212, 'Tonga', 'TO', 'TON', 1),
(213, 'Trinidad and Tobago', 'TT', 'TTO', 1),
(214, 'Tunisia', 'TN', 'TUN', 1),
(215, 'Turkey', 'TR', 'TUR', 1),
(216, 'Turkmenistan', 'TM', 'TKM', 1),
(217, 'Turks and Caicos Islands', 'TC', 'TCA', 1),
(218, 'Tuvalu', 'TV', 'TUV', 1),
(219, 'Uganda', 'UG', 'UGA', 1),
(220, 'Ukraine', 'UA', 'UKR', 1),
(221, 'United Arab Emirates', 'AE', 'ARE', 1),
(222, 'United Kingdom', 'GB', 'GBR', 1),
(223, 'United States', 'US', 'USA', 2),
(224, 'United States Minor Outlying Islands', 'UM', 'UMI', 1),
(225, 'Uruguay', 'UY', 'URY', 1),
(226, 'Uzbekistan', 'UZ', 'UZB', 1),
(227, 'Vanuatu', 'VU', 'VUT', 1),
(228, 'Vatican City State (Holy See)', 'VA', 'VAT', 1),
(229, 'Venezuela', 'VE', 'VEN', 1),
(230, 'Viet Nam', 'VN', 'VNM', 1),
(231, 'Virgin Islands (British)', 'VG', 'VGB', 1),
(232, 'Virgin Islands (U.S.)', 'VI', 'VIR', 1),
(233, 'Wallis and Futuna Islands', 'WF', 'WLF', 1),
(234, 'Western Sahara', 'EH', 'ESH', 1),
(235, 'Yemen', 'YE', 'YEM', 1),
(236, 'Yugoslavia', 'YU', 'YUG', 1),
(237, 'Zaire', 'ZR', 'ZAR', 1),
(238, 'Zambia', 'ZM', 'ZMB', 1),
(239, 'Zimbabwe', 'ZW', 'ZWE', 1);

-- --------------------------------------------------------

--
-- Table structure for table `currencies`
--

CREATE TABLE `currencies` (
  `currencies_id` int(11) NOT NULL,
  `title` varchar(32) COLLATE utf8_unicode_ci NOT NULL,
  `code` char(3) COLLATE utf8_unicode_ci NOT NULL,
  `symbol_left` varchar(12) COLLATE utf8_unicode_ci DEFAULT NULL,
  `symbol_right` varchar(12) COLLATE utf8_unicode_ci DEFAULT NULL,
  `decimal_point` char(1) COLLATE utf8_unicode_ci DEFAULT NULL,
  `thousands_point` char(1) COLLATE utf8_unicode_ci DEFAULT NULL,
  `decimal_places` char(1) COLLATE utf8_unicode_ci DEFAULT NULL,
  `value` float(13,8) DEFAULT NULL,
  `last_updated` datetime DEFAULT NULL
) ENGINE=InnoDB DEFAULT CHARSET=utf8 COLLATE=utf8_unicode_ci;

--
-- Dumping data for table `currencies`
--

INSERT INTO `currencies` (`currencies_id`, `title`, `code`, `symbol_left`, `symbol_right`, `decimal_point`, `thousands_point`, `decimal_places`, `value`, `last_updated`) VALUES
(1, 'U.S. Dollar', 'USD', '$', '', '.', ',', '2', 1.00000000, '2019-06-02 20:27:26'),
(2, 'Euro', 'EUR', '', '', '.', ',', '2', 1.00000000, '2019-06-02 20:27:26');

-- --------------------------------------------------------

--
-- Table structure for table `customers`
--

CREATE TABLE `customers` (
  `customers_id` int(11) NOT NULL,
  `customers_gender` char(1) COLLATE utf8_unicode_ci DEFAULT NULL,
  `customers_firstname` varchar(255) COLLATE utf8_unicode_ci NOT NULL,
  `customers_lastname` varchar(255) COLLATE utf8_unicode_ci NOT NULL,
  `customers_dob` datetime NOT NULL DEFAULT '0000-00-00 00:00:00',
  `customers_email_address` varchar(255) COLLATE utf8_unicode_ci NOT NULL,
  `customers_default_address_id` int(11) DEFAULT NULL,
  `customers_telephone` varchar(255) COLLATE utf8_unicode_ci NOT NULL,
  `customers_fax` varchar(255) COLLATE utf8_unicode_ci DEFAULT NULL,
  `customers_password` varchar(60) COLLATE utf8_unicode_ci NOT NULL,
  `customers_newsletter` char(1) COLLATE utf8_unicode_ci DEFAULT NULL
) ENGINE=InnoDB DEFAULT CHARSET=utf8 COLLATE=utf8_unicode_ci;

-- --------------------------------------------------------

--
-- Table structure for table `customers_basket`
--

CREATE TABLE `customers_basket` (
  `customers_basket_id` int(11) NOT NULL,
  `customers_id` int(11) NOT NULL,
  `products_id` tinytext COLLATE utf8_unicode_ci NOT NULL,
  `customers_basket_quantity` int(2) NOT NULL,
  `final_price` decimal(15,4) DEFAULT NULL,
  `customers_basket_date_added` char(8) COLLATE utf8_unicode_ci DEFAULT NULL
) ENGINE=InnoDB DEFAULT CHARSET=utf8 COLLATE=utf8_unicode_ci;

-- --------------------------------------------------------

--
-- Table structure for table `customers_basket_attributes`
--

CREATE TABLE `customers_basket_attributes` (
  `customers_basket_attributes_id` int(11) NOT NULL,
  `customers_id` int(11) NOT NULL,
  `products_id` tinytext COLLATE utf8_unicode_ci NOT NULL,
  `products_options_id` int(11) NOT NULL,
  `products_options_value_id` int(11) NOT NULL
) ENGINE=InnoDB DEFAULT CHARSET=utf8 COLLATE=utf8_unicode_ci;

-- --------------------------------------------------------

--
-- Table structure for table `customers_info`
--

CREATE TABLE `customers_info` (
  `customers_info_id` int(11) NOT NULL,
  `customers_info_date_of_last_logon` datetime DEFAULT NULL,
  `customers_info_number_of_logons` int(5) DEFAULT NULL,
  `customers_info_date_account_created` datetime DEFAULT NULL,
  `customers_info_date_account_last_modified` datetime DEFAULT NULL,
  `global_product_notifications` int(1) DEFAULT '0',
  `password_reset_key` char(40) COLLATE utf8_unicode_ci DEFAULT NULL,
  `password_reset_date` datetime DEFAULT NULL
) ENGINE=InnoDB DEFAULT CHARSET=utf8 COLLATE=utf8_unicode_ci;

-- --------------------------------------------------------

--
-- Table structure for table `geo_zones`
--

CREATE TABLE `geo_zones` (
  `geo_zone_id` int(11) NOT NULL,
  `geo_zone_name` varchar(32) COLLATE utf8_unicode_ci NOT NULL,
  `geo_zone_description` varchar(255) COLLATE utf8_unicode_ci NOT NULL,
  `last_modified` datetime DEFAULT NULL,
  `date_added` datetime NOT NULL
) ENGINE=InnoDB DEFAULT CHARSET=utf8 COLLATE=utf8_unicode_ci;

--
-- Dumping data for table `geo_zones`
--

INSERT INTO `geo_zones` (`geo_zone_id`, `geo_zone_name`, `geo_zone_description`, `last_modified`, `date_added`) VALUES
(1, 'Florida', 'Florida local sales tax zone', NULL, '2019-06-02 20:27:26');

-- --------------------------------------------------------

--
-- Table structure for table `languages`
--

CREATE TABLE `languages` (
  `languages_id` int(11) NOT NULL,
  `name` varchar(32) COLLATE utf8_unicode_ci NOT NULL,
  `code` char(2) COLLATE utf8_unicode_ci NOT NULL,
  `image` varchar(64) COLLATE utf8_unicode_ci DEFAULT NULL,
  `directory` varchar(32) COLLATE utf8_unicode_ci DEFAULT NULL,
  `sort_order` int(3) DEFAULT NULL
) ENGINE=InnoDB DEFAULT CHARSET=utf8 COLLATE=utf8_unicode_ci;

--
-- Dumping data for table `languages`
--

INSERT INTO `languages` (`languages_id`, `name`, `code`, `image`, `directory`, `sort_order`) VALUES
(1, 'English', 'en', 'icon.gif', 'english', 1);

-- --------------------------------------------------------

--
-- Table structure for table `manufacturers`
--

CREATE TABLE `manufacturers` (
  `manufacturers_id` int(11) NOT NULL,
  `manufacturers_name` varchar(32) COLLATE utf8_unicode_ci NOT NULL,
  `manufacturers_image` varchar(64) COLLATE utf8_unicode_ci DEFAULT NULL,
  `date_added` datetime DEFAULT NULL,
  `last_modified` datetime DEFAULT NULL
) ENGINE=InnoDB DEFAULT CHARSET=utf8 COLLATE=utf8_unicode_ci;

--
-- Dumping data for table `manufacturers`
--

INSERT INTO `manufacturers` (`manufacturers_id`, `manufacturers_name`, `manufacturers_image`, `date_added`, `last_modified`) VALUES
(11, 'Lenovo', 'index.png', '2019-06-02 20:41:18', '2019-06-02 20:41:47'),
(12, 'Dell', 'dell.png', '2019-06-02 20:42:31', NULL),
(13, 'HP', 'hp.png', '2019-06-02 20:44:39', NULL),
(14, 'Xiaomi', 'xiaomi.png', '2019-06-02 20:44:49', NULL),
(15, 'Samsung', 'samsung.jpg', '2019-06-02 20:45:35', NULL),
(16, 'Apple', 'apple.png', '2019-06-02 20:45:42', NULL),
(17, 'Canon', 'canon.png', '2019-06-02 20:53:34', NULL),
(18, 'GoPro', 'gopro.jpg', '2019-06-02 20:53:43', NULL),
(19, 'JBL', 'jbl.jpg', '2019-06-02 20:53:52', NULL),
(20, 'LG', 'lg.png', '2019-06-02 20:54:01', NULL),
(21, 'Poetic', 'poetic.png', '2019-06-02 20:54:09', NULL),
(22, 'Rotel', 'rotel.jpg', '2019-06-02 20:54:23', NULL),
(23, 'Sony', 'sony.png', '2019-06-02 20:54:44', NULL),
(24, 'Spigen', 'Spigen.png', '2019-06-02 20:54:53', NULL),
(25, 'Yamaha', 'yamaha.jpg', '2019-06-02 20:55:01', NULL);

-- --------------------------------------------------------

--
-- Table structure for table `manufacturers_info`
--

CREATE TABLE `manufacturers_info` (
  `manufacturers_id` int(11) NOT NULL,
  `languages_id` int(11) NOT NULL,
  `manufacturers_url` varchar(255) COLLATE utf8_unicode_ci NOT NULL,
  `url_clicked` int(5) NOT NULL DEFAULT '0',
  `date_last_click` datetime DEFAULT NULL
) ENGINE=InnoDB DEFAULT CHARSET=utf8 COLLATE=utf8_unicode_ci;

--
-- Dumping data for table `manufacturers_info`
--

INSERT INTO `manufacturers_info` (`manufacturers_id`, `languages_id`, `manufacturers_url`, `url_clicked`, `date_last_click`) VALUES
(11, 1, '', 0, NULL),
(12, 1, '', 0, NULL),
(13, 1, '', 0, NULL),
(14, 1, '', 0, NULL),
(15, 1, '', 0, NULL),
(16, 1, '', 0, NULL),
(17, 1, '', 0, NULL),
(18, 1, '', 0, NULL),
(19, 1, '', 0, NULL),
(20, 1, '', 0, NULL),
(21, 1, '', 0, NULL),
(22, 1, '', 0, NULL),
(23, 1, '', 0, NULL),
(24, 1, '', 0, NULL),
(25, 1, '', 0, NULL);

-- --------------------------------------------------------

--
-- Table structure for table `newsletters`
--

CREATE TABLE `newsletters` (
  `newsletters_id` int(11) NOT NULL,
  `title` varchar(255) COLLATE utf8_unicode_ci NOT NULL,
  `content` text COLLATE utf8_unicode_ci NOT NULL,
  `module` varchar(255) COLLATE utf8_unicode_ci NOT NULL,
  `date_added` datetime NOT NULL,
  `date_sent` datetime DEFAULT NULL,
  `status` int(1) DEFAULT NULL,
  `locked` int(1) DEFAULT '0'
) ENGINE=InnoDB DEFAULT CHARSET=utf8 COLLATE=utf8_unicode_ci;

-- --------------------------------------------------------

--
-- Table structure for table `orders`
--

CREATE TABLE `orders` (
  `orders_id` int(11) NOT NULL,
  `customers_id` int(11) NOT NULL,
  `customers_name` varchar(255) COLLATE utf8_unicode_ci NOT NULL,
  `customers_company` varchar(255) COLLATE utf8_unicode_ci DEFAULT NULL,
  `customers_street_address` varchar(255) COLLATE utf8_unicode_ci NOT NULL,
  `customers_suburb` varchar(255) COLLATE utf8_unicode_ci DEFAULT NULL,
  `customers_city` varchar(255) COLLATE utf8_unicode_ci NOT NULL,
  `customers_postcode` varchar(255) COLLATE utf8_unicode_ci NOT NULL,
  `customers_state` varchar(255) COLLATE utf8_unicode_ci DEFAULT NULL,
  `customers_country` varchar(255) COLLATE utf8_unicode_ci NOT NULL,
  `customers_telephone` varchar(255) COLLATE utf8_unicode_ci NOT NULL,
  `customers_email_address` varchar(255) COLLATE utf8_unicode_ci NOT NULL,
  `customers_address_format_id` int(5) NOT NULL,
  `delivery_name` varchar(255) COLLATE utf8_unicode_ci NOT NULL,
  `delivery_company` varchar(255) COLLATE utf8_unicode_ci DEFAULT NULL,
  `delivery_street_address` varchar(255) COLLATE utf8_unicode_ci NOT NULL,
  `delivery_suburb` varchar(255) COLLATE utf8_unicode_ci DEFAULT NULL,
  `delivery_city` varchar(255) COLLATE utf8_unicode_ci NOT NULL,
  `delivery_postcode` varchar(255) COLLATE utf8_unicode_ci NOT NULL,
  `delivery_state` varchar(255) COLLATE utf8_unicode_ci DEFAULT NULL,
  `delivery_country` varchar(255) COLLATE utf8_unicode_ci NOT NULL,
  `delivery_address_format_id` int(5) NOT NULL,
  `billing_name` varchar(255) COLLATE utf8_unicode_ci NOT NULL,
  `billing_company` varchar(255) COLLATE utf8_unicode_ci DEFAULT NULL,
  `billing_street_address` varchar(255) COLLATE utf8_unicode_ci NOT NULL,
  `billing_suburb` varchar(255) COLLATE utf8_unicode_ci DEFAULT NULL,
  `billing_city` varchar(255) COLLATE utf8_unicode_ci NOT NULL,
  `billing_postcode` varchar(255) COLLATE utf8_unicode_ci NOT NULL,
  `billing_state` varchar(255) COLLATE utf8_unicode_ci DEFAULT NULL,
  `billing_country` varchar(255) COLLATE utf8_unicode_ci NOT NULL,
  `billing_address_format_id` int(5) NOT NULL,
  `payment_method` varchar(255) COLLATE utf8_unicode_ci NOT NULL,
  `cc_type` varchar(20) COLLATE utf8_unicode_ci DEFAULT NULL,
  `cc_owner` varchar(255) COLLATE utf8_unicode_ci DEFAULT NULL,
  `cc_number` varchar(32) COLLATE utf8_unicode_ci DEFAULT NULL,
  `cc_expires` varchar(4) COLLATE utf8_unicode_ci DEFAULT NULL,
  `last_modified` datetime DEFAULT NULL,
  `date_purchased` datetime DEFAULT NULL,
  `orders_status` int(5) NOT NULL,
  `orders_date_finished` datetime DEFAULT NULL,
  `currency` char(3) COLLATE utf8_unicode_ci DEFAULT NULL,
  `currency_value` decimal(14,6) DEFAULT NULL
) ENGINE=InnoDB DEFAULT CHARSET=utf8 COLLATE=utf8_unicode_ci;

-- --------------------------------------------------------

--
-- Table structure for table `orders_products`
--

CREATE TABLE `orders_products` (
  `orders_products_id` int(11) NOT NULL,
  `orders_id` int(11) NOT NULL,
  `products_id` int(11) NOT NULL,
  `products_model` varchar(12) COLLATE utf8_unicode_ci DEFAULT NULL,
  `products_name` varchar(64) COLLATE utf8_unicode_ci NOT NULL,
  `products_price` decimal(15,4) NOT NULL,
  `final_price` decimal(15,4) NOT NULL,
  `products_tax` decimal(7,4) NOT NULL,
  `products_quantity` int(2) NOT NULL
) ENGINE=InnoDB DEFAULT CHARSET=utf8 COLLATE=utf8_unicode_ci;

-- --------------------------------------------------------

--
-- Table structure for table `orders_products_attributes`
--

CREATE TABLE `orders_products_attributes` (
  `orders_products_attributes_id` int(11) NOT NULL,
  `orders_id` int(11) NOT NULL,
  `orders_products_id` int(11) NOT NULL,
  `products_options` varchar(32) COLLATE utf8_unicode_ci NOT NULL,
  `products_options_values` varchar(32) COLLATE utf8_unicode_ci NOT NULL,
  `options_values_price` decimal(15,4) NOT NULL,
  `price_prefix` char(1) COLLATE utf8_unicode_ci NOT NULL
) ENGINE=InnoDB DEFAULT CHARSET=utf8 COLLATE=utf8_unicode_ci;

-- --------------------------------------------------------

--
-- Table structure for table `orders_products_download`
--

CREATE TABLE `orders_products_download` (
  `orders_products_download_id` int(11) NOT NULL,
  `orders_id` int(11) NOT NULL DEFAULT '0',
  `orders_products_id` int(11) NOT NULL DEFAULT '0',
  `orders_products_filename` varchar(255) COLLATE utf8_unicode_ci NOT NULL DEFAULT '',
  `download_maxdays` int(2) NOT NULL DEFAULT '0',
  `download_count` int(2) NOT NULL DEFAULT '0'
) ENGINE=InnoDB DEFAULT CHARSET=utf8 COLLATE=utf8_unicode_ci;

-- --------------------------------------------------------

--
-- Table structure for table `orders_status`
--

CREATE TABLE `orders_status` (
  `orders_status_id` int(11) NOT NULL DEFAULT '0',
  `language_id` int(11) NOT NULL DEFAULT '1',
  `orders_status_name` varchar(32) COLLATE utf8_unicode_ci NOT NULL,
  `public_flag` int(11) DEFAULT '1',
  `downloads_flag` int(11) DEFAULT '0'
) ENGINE=InnoDB DEFAULT CHARSET=utf8 COLLATE=utf8_unicode_ci;

--
-- Dumping data for table `orders_status`
--

INSERT INTO `orders_status` (`orders_status_id`, `language_id`, `orders_status_name`, `public_flag`, `downloads_flag`) VALUES
(1, 1, 'Pending', 1, 0),
(2, 1, 'Processing', 1, 1),
(3, 1, 'Delivered', 1, 1),
(4, 1, 'PayPal [Transactions]', 0, 0);

-- --------------------------------------------------------

--
-- Table structure for table `orders_status_history`
--

CREATE TABLE `orders_status_history` (
  `orders_status_history_id` int(11) NOT NULL,
  `orders_id` int(11) NOT NULL,
  `orders_status_id` int(5) NOT NULL,
  `date_added` datetime NOT NULL,
  `customer_notified` int(1) DEFAULT '0',
  `comments` text COLLATE utf8_unicode_ci
) ENGINE=InnoDB DEFAULT CHARSET=utf8 COLLATE=utf8_unicode_ci;

-- --------------------------------------------------------

--
-- Table structure for table `orders_total`
--

CREATE TABLE `orders_total` (
  `orders_total_id` int(10) UNSIGNED NOT NULL,
  `orders_id` int(11) NOT NULL,
  `title` varchar(255) COLLATE utf8_unicode_ci NOT NULL,
  `text` varchar(255) COLLATE utf8_unicode_ci NOT NULL,
  `value` decimal(15,4) NOT NULL,
  `class` varchar(32) COLLATE utf8_unicode_ci NOT NULL,
  `sort_order` int(11) NOT NULL
) ENGINE=InnoDB DEFAULT CHARSET=utf8 COLLATE=utf8_unicode_ci;

-- --------------------------------------------------------

--
-- Table structure for table `products`
--

CREATE TABLE `products` (
  `products_id` int(11) NOT NULL,
  `products_quantity` int(4) NOT NULL,
  `products_model` varchar(12) COLLATE utf8_unicode_ci DEFAULT NULL,
  `products_image` varchar(64) COLLATE utf8_unicode_ci DEFAULT NULL,
  `products_price` decimal(15,4) NOT NULL,
  `products_date_added` datetime NOT NULL,
  `products_last_modified` datetime DEFAULT NULL,
  `products_date_available` datetime DEFAULT NULL,
  `products_weight` decimal(5,2) NOT NULL,
  `products_status` tinyint(1) NOT NULL,
  `products_tax_class_id` int(11) NOT NULL,
  `manufacturers_id` int(11) DEFAULT NULL,
  `products_ordered` int(11) NOT NULL DEFAULT '0'
) ENGINE=InnoDB DEFAULT CHARSET=utf8 COLLATE=utf8_unicode_ci;

--
-- Dumping data for table `products`
--

INSERT INTO `products` (`products_id`, `products_quantity`, `products_model`, `products_image`, `products_price`, `products_date_added`, `products_last_modified`, `products_date_available`, `products_weight`, `products_status`, `products_tax_class_id`, `manufacturers_id`, `products_ordered`) VALUES
(30, 10, '', 'tst.png', '480.0000', '2019-06-02 21:05:38', '2019-06-02 21:09:52', NULL, '0.00', 1, 0, 12, 0),
(31, 10, '', 'lenovo.png', '460.0000', '2019-06-02 21:12:44', NULL, NULL, '0.00', 1, 0, 11, 0),
(32, 10, '', 'hp.png', '420.0000', '2019-06-02 21:15:26', NULL, NULL, '0.00', 1, 0, 13, 0),
(33, 5, '', 'xiaomi.png', '840.0000', '2019-06-02 21:16:03', NULL, NULL, '0.00', 1, 0, 14, 0),
(34, 5, '', 'samsung.png', '1125.0000', '2019-06-02 21:25:35', '2019-06-02 21:30:30', NULL, '0.00', 1, 0, 15, 0),
(35, 0, '', 'apple.png', '1450.0000', '2019-06-02 21:29:21', '2019-06-02 21:30:21', NULL, '0.00', 1, 0, 16, 0),
(36, 6, '', 'spigen.png', '39.9900', '2019-06-02 21:37:08', '2019-06-02 21:40:50', NULL, '0.00', 1, 0, 24, 0),
(37, 10, '', 'poetic.png', '16.9500', '2019-06-02 21:43:27', NULL, NULL, '0.00', 1, 0, 21, 0),
(38, 6, '', 'gopro.png', '450.0000', '2019-06-02 21:54:40', '2019-06-02 21:59:08', NULL, '0.00', 1, 0, 18, 0),
(39, 10, '', 'canon.png', '450.0000', '2019-06-02 21:59:00', NULL, NULL, '0.00', 1, 0, 17, 0),
(40, 5, '', 'lg.png', '690.0000', '2019-06-02 22:04:24', NULL, NULL, '0.00', 1, 0, 0, 0),
(41, 6, '', 'sony.png', '700.0000', '2019-06-02 22:05:45', NULL, NULL, '0.00', 1, 0, 0, 0),
(42, 4, '', 'rotel.png', '949.0000', '2019-06-03 10:43:26', '2019-06-03 10:47:28', NULL, '0.00', 1, 0, 22, 0),
(43, 6, '', 'yamaha.png', '240.0000', '2019-06-03 10:44:04', '2019-06-03 10:49:53', NULL, '0.00', 1, 0, 0, 0),
(44, 2, '', 'yamaha_Speaker.png', '900.0000', '2019-06-03 11:00:24', '2019-06-03 11:00:47', NULL, '0.00', 1, 0, 25, 0),
(45, 3, '', 'jbl.png', '400.0000', '2019-06-03 11:02:59', NULL, NULL, '0.00', 1, 0, 19, 0);

-- --------------------------------------------------------

--
-- Table structure for table `products_attributes`
--

CREATE TABLE `products_attributes` (
  `products_attributes_id` int(11) NOT NULL,
  `products_id` int(11) NOT NULL,
  `options_id` int(11) NOT NULL,
  `options_values_id` int(11) NOT NULL,
  `options_values_price` decimal(15,4) NOT NULL,
  `price_prefix` char(1) COLLATE utf8_unicode_ci NOT NULL
) ENGINE=InnoDB DEFAULT CHARSET=utf8 COLLATE=utf8_unicode_ci;

-- --------------------------------------------------------

--
-- Table structure for table `products_attributes_download`
--

CREATE TABLE `products_attributes_download` (
  `products_attributes_id` int(11) NOT NULL,
  `products_attributes_filename` varchar(255) COLLATE utf8_unicode_ci NOT NULL DEFAULT '',
  `products_attributes_maxdays` int(2) DEFAULT '0',
  `products_attributes_maxcount` int(2) DEFAULT '0'
) ENGINE=InnoDB DEFAULT CHARSET=utf8 COLLATE=utf8_unicode_ci;

--
-- Dumping data for table `products_attributes_download`
--

INSERT INTO `products_attributes_download` (`products_attributes_id`, `products_attributes_filename`, `products_attributes_maxdays`, `products_attributes_maxcount`) VALUES
(26, 'unreal.zip', 7, 3);

-- --------------------------------------------------------

--
-- Table structure for table `products_description`
--

CREATE TABLE `products_description` (
  `products_id` int(11) NOT NULL,
  `language_id` int(11) NOT NULL DEFAULT '1',
  `products_name` varchar(64) COLLATE utf8_unicode_ci NOT NULL DEFAULT '',
  `products_description` text COLLATE utf8_unicode_ci,
  `products_url` varchar(255) COLLATE utf8_unicode_ci DEFAULT NULL,
  `products_viewed` int(5) DEFAULT '0'
) ENGINE=InnoDB DEFAULT CHARSET=utf8 COLLATE=utf8_unicode_ci;

--
-- Dumping data for table `products_description`
--

INSERT INTO `products_description` (`products_id`, `language_id`, `products_name`, `products_description`, `products_url`, `products_viewed`) VALUES
(30, 1, 'Dell Optiplex 3060 MT (i5-8500/8GB/256GB/W10)', '<b>PROCESSOR</b>: CPU INTEL CORE i5 8500 3GHz Coffee Lake(8th Gen) <br>\r\n<b>SSD</b>: 256 GB<br>\r\n<b>RAM</b>: 8GB DDR4<br>\r\n<b>GPU</b>: Intel UHD Graphics 630<br>', '', 8),
(31, 1, 'Lenovo V530', '<b>PROCESSOR</b>: INTEL CORE I3-8100 3.6GHZ Coffee Lake (8th Gen)<br>\r\n<b>HDD</b>: 1 TB 3.5\" 7200 rpm HDD<br>\r\n<b>RAM</b>: 4 GB DDR4<br>\r\n<b>GPU</b>: Intel UHD Graphics 630<br>\r\n<b>Dimensions(W x D x H)</b>: 147 x 276x 360 mm <br>\r\n<b>Weight</b>: 5.7 kg <br>\r\n<b>WARANTY</b>: 3 YEARS<br>', '', 1),
(32, 1, 'HP 255 G7 (Ryzen 3-2200U/8GB/256GB/Vega Graphics/Full HD)', '<b>PROCESSOR</b>: AMD Ryzen 3 2200U 2.5GHz Zen<br>\r\n<b>SSD</b>: 255GB SSD<br>\r\n<b>RAM</b>: 8GB DDR4<br>\r\n<b>GPU</b>: AMD Radeon Vega Graphics<br>\r\n<b>SCREEN</b>: 15,6\" 1920 x 1080 Full HD<br>', '', 2),
(33, 1, 'Xiaomi Mi Air 13.3', '<b>PROCESSOR</b>: Intel Core i5 8250U 1.6 GHz Kaby Lake R(8th Gen) <br>\r\n<b>SSD</b>: 256GB SSD<br>\r\n<b>RAM</b>: 8GB DDR4<br>\r\n<b>GPU</b>: Nvidia GeForce MX150 2GB<br>\r\n<b>SCREEN</b>: 13.3\" 1920 x 1080 Full HD<br>\r\n<b>WARANTY</b>: 3 YEARS<br>', '', 1),
(34, 1, 'Samsung Galaxy S10+ (512GB)', '<b>PROCESSOR</b>: Exynos Octa 9820 2,7 GHz (2+2+4 cores)<br>\r\n<b>STORAGE</b>: 512GB<br>\r\n<b>RAM</b>: 8GB<br>\r\n<b>FRONT CAMERA</b>: 10MP (Double)<br>\r\n<b>REAR CAMERA</b>: 12MP + 12MP +16MP (Triple)<br>\r\n<b>BATTERY</b>: 4100 mAh <br>\r\n<b>SCREEN</b>: 6.4\" 3040 x 1440 pixels Dynamic AMOLED Infinity-O<br>', '', 2),
(35, 1, 'Apple iPhone XS Max (512GB)', '<b>PROCESSOR</b>: Apple A12 (4+2 cores)<br>\r\n<b>STORAGE</b>: 512GB<br>\r\n<b>RAM</b>: 4GB<br>\r\n<b>FRONT CAMERA</b>: 7MP<br>\r\n<b>REAR CAMERA</b>: 12MP + 12MP (Double)<br>\r\n<b>BATTERY</b>: 3174 mAh <br>\r\n<b>SCREEN</b>: 6.5\" 1424 x 2688 pixels     Super AMOLED capacitive touchscreen, 16M colors<br>', '', 1),
(36, 1, 'Galaxy S10 Plus Case Tough Armor', 'The Tough Armor for the Galaxy S10 Plus is the definition of rugged protection in a slim body. Its dual-layer structure is designed to be pocket-friendly, with Air Cushion Technology packed into every corner for extreme defense. And for added convenience, a built-in kickstand is easily accessible for hands-free viewing. Whether you go mountain climbing or out for a night on the town, the Tough Armor has protection for every situation. <br><br>\r\n\r\n<b>COMPATIBILITY</b>: Galaxy S10 Plus<br>\r\n<br>\r\n<b>MATERIAL</b>: TPU + PC<br>\r\n<br>\r\n<b>FEATURES</b>:<br>\r\n 	<br>\r\n    <li>Extreme drop protection with two layers of impact resistance </li>\r\n    <li>Form-fitted and ergonomic for daily grip and pocket-friendliness</li>\r\n    <li>Effortless viewing anywhere with a built-in stand</li>\r\n    <li>Mil-grade certified with Air Cushion Technology</li>\r\n    <li>Compatible with wireless charging and Spigen screen protectors</li>', '', 4),
(37, 1, 'Journeyman - Apple iPhone XS Max (6.5-inch) Case', '<b>360 DEGREE PROTECTION </b> - Protects your Apple iPhone XS Max from all angles. Includes: Built-in Screen Protector, Clear polycarbonate back, and TPU lining and Bumpers.\r\n<br>\r\n<br>\r\n<b>BUILT-IN-SCREEN PROTECTOR</b> - Front polycarbonate casing with a built-in screen protector adds a layer of protection without affecting screen responsiveness.\r\n<br>\r\n<br>\r\n<b>SCRATCH RESISTANT CLEAR BACK</b> - The scratch-resistant coating helps the clear back panel stay clean and clear to showcase your device in full clarity.\r\n<br>\r\n<br>\r\n<b>HEAVY DUTY MATERIAL</b> - Composed of premium polycarbonate and shock absorbing TPU bumper for drop protection.\r\n<br>\r\n<br>\r\n<b>COMPATIBILITY</b> - Compatible with Apple iPhone XS Max ONLY.', '', 1),
(38, 1, 'GoPro Hero7 Black', '<b>CAPTURE</b>:Ultra HD With 12MP Camera Lense<br>\r\n<b>FEATURES</b>:GPS, Voice Control, Picture Capture, Picture Stability, Waterproof<br>\r\n<b>CAPTURE RESOLUTIONS</b>:1080p 120fps, 1080p 240fps, 1080p 24fps, 1080p 30fps, 1080p 60fps, 1440p 24fps, 1440p 30fps, 1440p 60fps, 2.7K 120fps, 2.7K 24fps, 2.7K 30fps, 2.7K 60fps, 4K 24fps, 4K 30fps, 4K 60fps, 720p 240fps, 720p 60fps, 960p 120fps<br>\r\n<b>VIDEO FORMAT</b>: MP4 (H.264/AVC), MP4 (H.265/HVEC) <br>\r\n<b>BATTERY</b>:1220 mAh<br>', '', 0),
(39, 1, 'Canon EOS 200D Kit (18-55 IS STM)', '<b>LENSE</b>:24.2 MP With Flash and Autofocus<br>\r\n<b>SCREEN</b>:3\" Touch Screen<br>\r\n<b>SENSOR</b>: CMOS, 22.3 x 14.9mm, 100-25600 ISO, APS-C<br>\r\n<b>PICTURE RESOLUTION</b>: 6000 x 4000 pixels, JPEG, RAW, RAW+JPEG <br>\r\n<b>VIDEO RESOLUTION</b>:1920 x 1080, 60fps, MOV / MP4<br>', '', 0),
(40, 1, 'LG 65UK6400', '<b>IMAGE</b>: 65\", 4k Ultra HD, 50/60Hz, Edge LED, HDR10, HLG<br>\r\n<b>SOUND</b>: Stereo, 20 W, DTS, DTS-HD, Dolby Digital<br>\r\n<b>DIMENSIONS</b>: L:1468 mm H:854mm W:89.9mm<br>', '', 0),
(41, 1, 'Sony KD-55XF8096', '<b>IMAGE</b>: 55\", 4k Ultra HD, 50/60Hz, Edge LED, HDR10, HLG<br>\r\n<b>SOUND</b>: Stereo, 20 W, DTS, Dolby Digital, Dolby Digital Plus, Dolby Digital Pulse<br>\r\n<b>DIMENSIONS</b>: L:1232mm H:717mm W:57mm<br>', '', 1),
(42, 1, 'Rotel RC-1572 Black', '<b>TECHNICAL FEATURES</b>:Pre-Amplifier, Solid, Stereo, 110 dB SNR<br>\r\n<b>DIMENSIONS</b>:L 43.1cm, H 9.9cm, W 33.9cm', '', 1),
(43, 1, 'Yamaha R-S202D Black', '<b>TECHNICAL FEATURES</b>: Complete, Solid, Stereo, 140 watt / channel (8), 115 watt / channel (4), 100 dB SNR<br>\r\n<b>DIMENSIONS</b>: L 43.5cm, H 14.1cm, W 32.2cm', '', 0),
(44, 1, 'Yamaha DSR115', '<b>FEATURES</b>: Auto-Amplified, 1300W RMS, 15\" Bass, <br>\r\n<b>DIMENSIONS </b>: H 75.5 cm, L 44.2 cm, W 42.3 cm, 28 kg', '', 0),
(45, 1, 'JBL EON615', '<b>FEATURES</b>: Auto-Amplified, 500 W RMS, 15\" Bass<br>\r\n<b>DIMENSIONS</b>: H 70.7cm, L 43.9cm, W 36.5cm, 17.69 kg', '', 0);

-- --------------------------------------------------------

--
-- Table structure for table `products_images`
--

CREATE TABLE `products_images` (
  `id` int(11) NOT NULL,
  `products_id` int(11) NOT NULL,
  `image` varchar(64) COLLATE utf8_unicode_ci DEFAULT NULL,
  `htmlcontent` text COLLATE utf8_unicode_ci,
  `sort_order` int(11) NOT NULL
) ENGINE=InnoDB DEFAULT CHARSET=utf8 COLLATE=utf8_unicode_ci;

--
-- Dumping data for table `products_images`
--

INSERT INTO `products_images` (`id`, `products_id`, `image`, `htmlcontent`, `sort_order`) VALUES
(14, 34, 'samsung2.png', '', 1);

-- --------------------------------------------------------

--
-- Table structure for table `products_notifications`
--

CREATE TABLE `products_notifications` (
  `products_id` int(11) NOT NULL,
  `customers_id` int(11) NOT NULL,
  `date_added` datetime NOT NULL
) ENGINE=InnoDB DEFAULT CHARSET=utf8 COLLATE=utf8_unicode_ci;

-- --------------------------------------------------------

--
-- Table structure for table `products_options`
--

CREATE TABLE `products_options` (
  `products_options_id` int(11) NOT NULL DEFAULT '0',
  `language_id` int(11) NOT NULL DEFAULT '1',
  `products_options_name` varchar(32) COLLATE utf8_unicode_ci NOT NULL DEFAULT ''
) ENGINE=InnoDB DEFAULT CHARSET=utf8 COLLATE=utf8_unicode_ci;

--
-- Dumping data for table `products_options`
--

INSERT INTO `products_options` (`products_options_id`, `language_id`, `products_options_name`) VALUES
(1, 1, 'Desktops'),
(2, 1, 'Laptops'),
(3, 1, 'Smartphones'),
(4, 1, 'Cases'),
(5, 1, 'TV Monitors'),
(6, 1, 'Cameras'),
(7, 1, 'Speakers'),
(8, 1, 'Amplifiers');

-- --------------------------------------------------------

--
-- Table structure for table `products_options_values`
--

CREATE TABLE `products_options_values` (
  `products_options_values_id` int(11) NOT NULL DEFAULT '0',
  `language_id` int(11) NOT NULL DEFAULT '1',
  `products_options_values_name` varchar(64) COLLATE utf8_unicode_ci NOT NULL DEFAULT ''
) ENGINE=InnoDB DEFAULT CHARSET=utf8 COLLATE=utf8_unicode_ci;

-- --------------------------------------------------------

--
-- Table structure for table `products_options_values_to_products_options`
--

CREATE TABLE `products_options_values_to_products_options` (
  `products_options_values_to_products_options_id` int(11) NOT NULL,
  `products_options_id` int(11) NOT NULL,
  `products_options_values_id` int(11) NOT NULL
) ENGINE=InnoDB DEFAULT CHARSET=utf8 COLLATE=utf8_unicode_ci;

-- --------------------------------------------------------

--
-- Table structure for table `products_to_categories`
--

CREATE TABLE `products_to_categories` (
  `products_id` int(11) NOT NULL,
  `categories_id` int(11) NOT NULL
) ENGINE=InnoDB DEFAULT CHARSET=utf8 COLLATE=utf8_unicode_ci;

--
-- Dumping data for table `products_to_categories`
--

INSERT INTO `products_to_categories` (`products_id`, `categories_id`) VALUES
(30, 26),
(31, 26),
(32, 27),
(33, 27),
(34, 28),
(35, 28),
(36, 29),
(37, 29),
(38, 33),
(39, 33),
(40, 32),
(41, 32),
(42, 31),
(43, 31),
(44, 30),
(45, 30);

-- --------------------------------------------------------

--
-- Table structure for table `reviews`
--

CREATE TABLE `reviews` (
  `reviews_id` int(11) NOT NULL,
  `products_id` int(11) NOT NULL,
  `customers_id` int(11) DEFAULT NULL,
  `customers_name` varchar(255) COLLATE utf8_unicode_ci NOT NULL,
  `reviews_rating` int(1) DEFAULT NULL,
  `date_added` datetime DEFAULT NULL,
  `last_modified` datetime DEFAULT NULL,
  `reviews_status` tinyint(1) NOT NULL DEFAULT '0',
  `reviews_read` int(5) NOT NULL DEFAULT '0'
) ENGINE=InnoDB DEFAULT CHARSET=utf8 COLLATE=utf8_unicode_ci;

-- --------------------------------------------------------

--
-- Table structure for table `reviews_description`
--

CREATE TABLE `reviews_description` (
  `reviews_id` int(11) NOT NULL,
  `languages_id` int(11) NOT NULL,
  `reviews_text` text COLLATE utf8_unicode_ci NOT NULL
) ENGINE=InnoDB DEFAULT CHARSET=utf8 COLLATE=utf8_unicode_ci;

-- --------------------------------------------------------

--
-- Table structure for table `sec_directory_whitelist`
--

CREATE TABLE `sec_directory_whitelist` (
  `id` int(11) NOT NULL,
  `directory` varchar(255) COLLATE utf8_unicode_ci NOT NULL
) ENGINE=InnoDB DEFAULT CHARSET=utf8 COLLATE=utf8_unicode_ci;

--
-- Dumping data for table `sec_directory_whitelist`
--

INSERT INTO `sec_directory_whitelist` (`id`, `directory`) VALUES
(1, 'admin/backups'),
(2, 'admin/images/graphs'),
(3, 'images'),
(4, 'images/banners'),
(5, 'images/dvd'),
(6, 'images/gt_interactive'),
(7, 'images/hewlett_packard'),
(8, 'images/matrox'),
(9, 'images/microsoft'),
(10, 'images/samsung'),
(11, 'images/sierra'),
(12, 'includes/work'),
(13, 'pub');

-- --------------------------------------------------------

--
-- Table structure for table `sessions`
--

CREATE TABLE `sessions` (
  `sesskey` varchar(128) COLLATE utf8_unicode_ci NOT NULL,
  `expiry` int(11) UNSIGNED NOT NULL,
  `value` text COLLATE utf8_unicode_ci NOT NULL
) ENGINE=InnoDB DEFAULT CHARSET=utf8 COLLATE=utf8_unicode_ci;

--
-- Dumping data for table `sessions`
--

INSERT INTO `sessions` (`sesskey`, `expiry`, `value`) VALUES
('08vrp34h2iqqg213mnabpgao10', 1559556344, 'language|s:7:\"english\";languages_id|s:1:\"1\";redirect_origin|a:2:{s:4:\"page\";s:9:\"index.php\";s:3:\"get\";a:0:{}}'),
('23i1g6r67nect7r1tp9ogp02m7', 1559556344, 'language|s:7:\"english\";languages_id|s:1:\"1\";redirect_origin|a:2:{s:4:\"page\";s:9:\"index.php\";s:3:\"get\";a:0:{}}'),
('2gviog2hiu3asppgv7pte1vig4', 1559556343, 'language|s:7:\"english\";languages_id|s:1:\"1\";redirect_origin|a:2:{s:4:\"page\";s:9:\"index.php\";s:3:\"get\";a:0:{}}'),
('4f43cfgc227ooldhvc9aar53j4', 1559556344, 'language|s:7:\"english\";languages_id|s:1:\"1\";redirect_origin|a:2:{s:4:\"page\";s:9:\"index.php\";s:3:\"get\";a:0:{}}'),
('5lrmj19ctnv788ncrmiigd3al7', 1559556344, 'language|s:7:\"english\";languages_id|s:1:\"1\";redirect_origin|a:2:{s:4:\"page\";s:9:\"index.php\";s:3:\"get\";a:0:{}}'),
('660jd0ume07o0570dl2a3unr10', 1559556344, 'language|s:7:\"english\";languages_id|s:1:\"1\";redirect_origin|a:2:{s:4:\"page\";s:9:\"index.php\";s:3:\"get\";a:0:{}}'),
('779ao3nn51c4q8849rrubhh5h4', 1559556344, 'language|s:7:\"english\";languages_id|s:1:\"1\";redirect_origin|a:2:{s:4:\"page\";s:9:\"index.php\";s:3:\"get\";a:0:{}}'),
('a5t9gvkshu2aqnismrbas127k4', 1559556344, 'language|s:7:\"english\";languages_id|s:1:\"1\";redirect_origin|a:2:{s:4:\"page\";s:9:\"index.php\";s:3:\"get\";a:0:{}}'),
('a9dmmdidg3fiu3pphles7j1uh2', 1559556343, 'language|s:7:\"english\";languages_id|s:1:\"1\";redirect_origin|a:2:{s:4:\"page\";s:9:\"index.php\";s:3:\"get\";a:0:{}}'),
('akg7o4eemgc80p9pvs02fah6b2', 1559556344, 'language|s:7:\"english\";languages_id|s:1:\"1\";redirect_origin|a:2:{s:4:\"page\";s:9:\"index.php\";s:3:\"get\";a:0:{}}'),
('b110p7acmifr31hckh2kca89m1', 1559502345, 'language|s:7:\"english\";languages_id|s:1:\"1\";admin|a:2:{s:2:\"id\";s:1:\"1\";s:8:\"username\";s:5:\"admin\";}'),
('bltq8s1c1pdhl54m6g9v6q4ku7', 1559547188, 'sessiontoken|s:32:\"c1e53628e045fcb39239eb17f581a29b\";cart|O:12:\"shoppingCart\":5:{s:8:\"contents\";a:0:{}s:5:\"total\";i:0;s:6:\"weight\";i:0;s:6:\"cartID\";N;s:12:\"content_type\";b:0;}language|s:7:\"english\";languages_id|s:1:\"1\";currency|s:3:\"USD\";navigation|O:17:\"navigationHistory\":2:{s:4:\"path\";a:1:{i:0;a:4:{s:4:\"page\";s:9:\"index.php\";s:4:\"mode\";s:6:\"NONSSL\";s:3:\"get\";a:0:{}s:4:\"post\";a:0:{}}}s:8:\"snapshot\";a:0:{}}'),
('ifjotroaeaiaq0jfntdee598f7', 1559556345, 'language|s:7:\"english\";languages_id|s:1:\"1\";redirect_origin|a:2:{s:4:\"page\";s:9:\"index.php\";s:3:\"get\";a:0:{}}'),
('ig68tooeb2u59dt80bebffr3v5', 1559556344, 'language|s:7:\"english\";languages_id|s:1:\"1\";redirect_origin|a:2:{s:4:\"page\";s:9:\"index.php\";s:3:\"get\";a:0:{}}'),
('ii7031chvc13ki4gfu5cb87265', 1559556344, 'language|s:7:\"english\";languages_id|s:1:\"1\";redirect_origin|a:2:{s:4:\"page\";s:9:\"index.php\";s:3:\"get\";a:0:{}}'),
('jj7qnk0tthlfk4d5uu2lsseka2', 1559556356, 'language|s:7:\"english\";languages_id|s:1:\"1\";admin|a:2:{s:2:\"id\";s:1:\"1\";s:8:\"username\";s:5:\"admin\";}'),
('jsjuan0g89kjnv2kbldq4730c5', 1559556344, 'language|s:7:\"english\";languages_id|s:1:\"1\";redirect_origin|a:2:{s:4:\"page\";s:9:\"index.php\";s:3:\"get\";a:0:{}}'),
('jummd5jh92s9ka4v2sgdf0n1r4', 1559556344, 'language|s:7:\"english\";languages_id|s:1:\"1\";redirect_origin|a:2:{s:4:\"page\";s:9:\"index.php\";s:3:\"get\";a:0:{}}'),
('l0scf0ieb5v1q0lhvvqq3o05k1', 1559556344, 'language|s:7:\"english\";languages_id|s:1:\"1\";redirect_origin|a:2:{s:4:\"page\";s:9:\"index.php\";s:3:\"get\";a:0:{}}'),
('m6clnss3se02pttgrvcj2i5tva', 1559502355, 'sessiontoken|s:32:\"030fc7d4cdb07b09f0a6630ea8a94146\";cart|O:12:\"shoppingCart\":5:{s:8:\"contents\";a:0:{}s:5:\"total\";i:0;s:6:\"weight\";i:0;s:6:\"cartID\";N;s:12:\"content_type\";b:0;}language|s:7:\"english\";languages_id|s:1:\"1\";currency|s:3:\"EUR\";navigation|O:17:\"navigationHistory\":2:{s:4:\"path\";a:1:{i:0;a:4:{s:4:\"page\";s:9:\"index.php\";s:4:\"mode\";s:6:\"NONSSL\";s:3:\"get\";a:0:{}s:4:\"post\";a:0:{}}}s:8:\"snapshot\";a:4:{s:4:\"page\";s:16:\"product_info.php\";s:4:\"mode\";s:6:\"NONSSL\";s:3:\"get\";a:2:{s:11:\"products_id\";s:2:\"30\";s:6:\"action\";s:6:\"notify\";}s:4:\"post\";a:0:{}}}'),
('pafan3ft217694ntulmh520en7', 1559546887, 'language|s:7:\"english\";languages_id|s:1:\"1\";admin|a:2:{s:2:\"id\";s:1:\"1\";s:8:\"username\";s:5:\"admin\";}'),
('r826t07qkllu8hgql5ecbfaie4', 1559556344, 'language|s:7:\"english\";languages_id|s:1:\"1\";redirect_origin|a:2:{s:4:\"page\";s:9:\"index.php\";s:3:\"get\";a:0:{}}'),
('roocpggoqmeblvc5htas7qj2q4', 1559556229, 'sessiontoken|s:32:\"d23f2f5544367e8bc1bfb06429a373d0\";cart|O:12:\"shoppingCart\":5:{s:8:\"contents\";a:0:{}s:5:\"total\";i:0;s:6:\"weight\";i:0;s:6:\"cartID\";N;s:12:\"content_type\";b:0;}language|s:7:\"english\";languages_id|s:1:\"1\";currency|s:3:\"USD\";navigation|O:17:\"navigationHistory\":2:{s:4:\"path\";a:1:{i:0;a:4:{s:4:\"page\";s:9:\"index.php\";s:4:\"mode\";s:6:\"NONSSL\";s:3:\"get\";a:0:{}s:4:\"post\";a:0:{}}}s:8:\"snapshot\";a:0:{}}'),
('t8nksnn3mrvvfnggtr4jl72382', 1559556344, 'language|s:7:\"english\";languages_id|s:1:\"1\";redirect_origin|a:2:{s:4:\"page\";s:9:\"index.php\";s:3:\"get\";a:0:{}}'),
('ugrc6ue959od8qcj2rsfd5b3i1', 1559556344, 'language|s:7:\"english\";languages_id|s:1:\"1\";redirect_origin|a:2:{s:4:\"page\";s:9:\"index.php\";s:3:\"get\";a:0:{}}'),
('v5hkqpnh8dj9648ue6ajfc1vk4', 1559556343, 'language|s:7:\"english\";languages_id|s:1:\"1\";redirect_origin|a:2:{s:4:\"page\";s:9:\"index.php\";s:3:\"get\";a:0:{}}'),
('vs7vudkluerq1rj896nib6ql54', 1559556344, 'language|s:7:\"english\";languages_id|s:1:\"1\";redirect_origin|a:2:{s:4:\"page\";s:9:\"index.php\";s:3:\"get\";a:0:{}}');

-- --------------------------------------------------------

--
-- Table structure for table `specials`
--

CREATE TABLE `specials` (
  `specials_id` int(11) NOT NULL,
  `products_id` int(11) NOT NULL,
  `specials_new_products_price` decimal(15,4) NOT NULL,
  `specials_date_added` datetime DEFAULT NULL,
  `specials_last_modified` datetime DEFAULT NULL,
  `expires_date` datetime DEFAULT NULL,
  `date_status_change` datetime DEFAULT NULL,
  `status` int(1) NOT NULL DEFAULT '1'
) ENGINE=InnoDB DEFAULT CHARSET=utf8 COLLATE=utf8_unicode_ci;

-- --------------------------------------------------------

--
-- Table structure for table `tax_class`
--

CREATE TABLE `tax_class` (
  `tax_class_id` int(11) NOT NULL,
  `tax_class_title` varchar(32) COLLATE utf8_unicode_ci NOT NULL,
  `tax_class_description` varchar(255) COLLATE utf8_unicode_ci NOT NULL,
  `last_modified` datetime DEFAULT NULL,
  `date_added` datetime NOT NULL
) ENGINE=InnoDB DEFAULT CHARSET=utf8 COLLATE=utf8_unicode_ci;

--
-- Dumping data for table `tax_class`
--

INSERT INTO `tax_class` (`tax_class_id`, `tax_class_title`, `tax_class_description`, `last_modified`, `date_added`) VALUES
(1, 'Taxable Goods', 'The following types of products are included non-food, services, etc', '2019-06-02 20:27:26', '2019-06-02 20:27:26');

-- --------------------------------------------------------

--
-- Table structure for table `tax_rates`
--

CREATE TABLE `tax_rates` (
  `tax_rates_id` int(11) NOT NULL,
  `tax_zone_id` int(11) NOT NULL,
  `tax_class_id` int(11) NOT NULL,
  `tax_priority` int(5) DEFAULT '1',
  `tax_rate` decimal(7,4) NOT NULL,
  `tax_description` varchar(255) COLLATE utf8_unicode_ci NOT NULL,
  `last_modified` datetime DEFAULT NULL,
  `date_added` datetime NOT NULL
) ENGINE=InnoDB DEFAULT CHARSET=utf8 COLLATE=utf8_unicode_ci;

--
-- Dumping data for table `tax_rates`
--

INSERT INTO `tax_rates` (`tax_rates_id`, `tax_zone_id`, `tax_class_id`, `tax_priority`, `tax_rate`, `tax_description`, `last_modified`, `date_added`) VALUES
(1, 1, 1, 1, '7.0000', 'FL TAX 7.0%', '2019-06-02 20:27:26', '2019-06-02 20:27:26');

-- --------------------------------------------------------

--
-- Table structure for table `whos_online`
--

CREATE TABLE `whos_online` (
  `customer_id` int(11) DEFAULT NULL,
  `full_name` varchar(255) COLLATE utf8_unicode_ci NOT NULL,
  `session_id` varchar(128) COLLATE utf8_unicode_ci NOT NULL,
  `ip_address` varchar(15) COLLATE utf8_unicode_ci NOT NULL,
  `time_entry` varchar(14) COLLATE utf8_unicode_ci NOT NULL,
  `time_last_click` varchar(14) COLLATE utf8_unicode_ci NOT NULL,
  `last_page_url` text COLLATE utf8_unicode_ci NOT NULL
) ENGINE=InnoDB DEFAULT CHARSET=utf8 COLLATE=utf8_unicode_ci;

--
-- Dumping data for table `whos_online`
--

INSERT INTO `whos_online` (`customer_id`, `full_name`, `session_id`, `ip_address`, `time_entry`, `time_last_click`, `last_page_url`) VALUES
(0, 'Guest', 'roocpggoqmeblvc5htas7qj2q4', '', '1559556188', '1559556229', '/oscommerce-2.3.4.1/catalog/');

-- --------------------------------------------------------

--
-- Table structure for table `zones`
--

CREATE TABLE `zones` (
  `zone_id` int(11) NOT NULL,
  `zone_country_id` int(11) NOT NULL,
  `zone_code` varchar(32) COLLATE utf8_unicode_ci NOT NULL,
  `zone_name` varchar(255) COLLATE utf8_unicode_ci NOT NULL
) ENGINE=InnoDB DEFAULT CHARSET=utf8 COLLATE=utf8_unicode_ci;

--
-- Dumping data for table `zones`
--

INSERT INTO `zones` (`zone_id`, `zone_country_id`, `zone_code`, `zone_name`) VALUES
(1, 223, 'AL', 'Alabama'),
(2, 223, 'AK', 'Alaska'),
(3, 223, 'AS', 'American Samoa'),
(4, 223, 'AZ', 'Arizona'),
(5, 223, 'AR', 'Arkansas'),
(6, 223, 'AF', 'Armed Forces Africa'),
(7, 223, 'AA', 'Armed Forces Americas'),
(8, 223, 'AC', 'Armed Forces Canada'),
(9, 223, 'AE', 'Armed Forces Europe'),
(10, 223, 'AM', 'Armed Forces Middle East'),
(11, 223, 'AP', 'Armed Forces Pacific'),
(12, 223, 'CA', 'California'),
(13, 223, 'CO', 'Colorado'),
(14, 223, 'CT', 'Connecticut'),
(15, 223, 'DE', 'Delaware'),
(16, 223, 'DC', 'District of Columbia'),
(17, 223, 'FM', 'Federated States Of Micronesia'),
(18, 223, 'FL', 'Florida'),
(19, 223, 'GA', 'Georgia'),
(20, 223, 'GU', 'Guam'),
(21, 223, 'HI', 'Hawaii'),
(22, 223, 'ID', 'Idaho'),
(23, 223, 'IL', 'Illinois'),
(24, 223, 'IN', 'Indiana'),
(25, 223, 'IA', 'Iowa'),
(26, 223, 'KS', 'Kansas'),
(27, 223, 'KY', 'Kentucky'),
(28, 223, 'LA', 'Louisiana'),
(29, 223, 'ME', 'Maine'),
(30, 223, 'MH', 'Marshall Islands'),
(31, 223, 'MD', 'Maryland'),
(32, 223, 'MA', 'Massachusetts'),
(33, 223, 'MI', 'Michigan'),
(34, 223, 'MN', 'Minnesota'),
(35, 223, 'MS', 'Mississippi'),
(36, 223, 'MO', 'Missouri'),
(37, 223, 'MT', 'Montana'),
(38, 223, 'NE', 'Nebraska'),
(39, 223, 'NV', 'Nevada'),
(40, 223, 'NH', 'New Hampshire'),
(41, 223, 'NJ', 'New Jersey'),
(42, 223, 'NM', 'New Mexico'),
(43, 223, 'NY', 'New York'),
(44, 223, 'NC', 'North Carolina'),
(45, 223, 'ND', 'North Dakota'),
(46, 223, 'MP', 'Northern Mariana Islands'),
(47, 223, 'OH', 'Ohio'),
(48, 223, 'OK', 'Oklahoma'),
(49, 223, 'OR', 'Oregon'),
(50, 223, 'PW', 'Palau'),
(51, 223, 'PA', 'Pennsylvania'),
(52, 223, 'PR', 'Puerto Rico'),
(53, 223, 'RI', 'Rhode Island'),
(54, 223, 'SC', 'South Carolina'),
(55, 223, 'SD', 'South Dakota'),
(56, 223, 'TN', 'Tennessee'),
(57, 223, 'TX', 'Texas'),
(58, 223, 'UT', 'Utah'),
(59, 223, 'VT', 'Vermont'),
(60, 223, 'VI', 'Virgin Islands'),
(61, 223, 'VA', 'Virginia'),
(62, 223, 'WA', 'Washington'),
(63, 223, 'WV', 'West Virginia'),
(64, 223, 'WI', 'Wisconsin'),
(65, 223, 'WY', 'Wyoming'),
(66, 38, 'AB', 'Alberta'),
(67, 38, 'BC', 'British Columbia'),
(68, 38, 'MB', 'Manitoba'),
(69, 38, 'NF', 'Newfoundland'),
(70, 38, 'NB', 'New Brunswick'),
(71, 38, 'NS', 'Nova Scotia'),
(72, 38, 'NT', 'Northwest Territories'),
(73, 38, 'NU', 'Nunavut'),
(74, 38, 'ON', 'Ontario'),
(75, 38, 'PE', 'Prince Edward Island'),
(76, 38, 'QC', 'Quebec'),
(77, 38, 'SK', 'Saskatchewan'),
(78, 38, 'YT', 'Yukon Territory'),
(79, 81, 'NDS', 'Niedersachsen'),
(80, 81, 'BAW', 'Baden-Wrttemberg'),
(81, 81, 'BAY', 'Bayern'),
(82, 81, 'BER', 'Berlin'),
(83, 81, 'BRG', 'Brandenburg'),
(84, 81, 'BRE', 'Bremen'),
(85, 81, 'HAM', 'Hamburg'),
(86, 81, 'HES', 'Hessen'),
(87, 81, 'MEC', 'Mecklenburg-Vorpommern'),
(88, 81, 'NRW', 'Nordrhein-Westfalen'),
(89, 81, 'RHE', 'Rheinland-Pfalz'),
(90, 81, 'SAR', 'Saarland'),
(91, 81, 'SAS', 'Sachsen'),
(92, 81, 'SAC', 'Sachsen-Anhalt'),
(93, 81, 'SCN', 'Schleswig-Holstein'),
(94, 81, 'THE', 'Thringen'),
(95, 14, 'WI', 'Wien'),
(96, 14, 'NO', 'Niedersterreich'),
(97, 14, 'OO', 'Obersterreich'),
(98, 14, 'SB', 'Salzburg'),
(99, 14, 'KN', 'Krnten'),
(100, 14, 'ST', 'Steiermark'),
(101, 14, 'TI', 'Tirol'),
(102, 14, 'BL', 'Burgenland'),
(103, 14, 'VB', 'Voralberg'),
(104, 204, 'AG', 'Aargau'),
(105, 204, 'AI', 'Appenzell Innerrhoden'),
(106, 204, 'AR', 'Appenzell Ausserrhoden'),
(107, 204, 'BE', 'Bern'),
(108, 204, 'BL', 'Basel-Landschaft'),
(109, 204, 'BS', 'Basel-Stadt'),
(110, 204, 'FR', 'Freiburg'),
(111, 204, 'GE', 'Genf'),
(112, 204, 'GL', 'Glarus'),
(113, 204, 'JU', 'Graubnden'),
(114, 204, 'JU', 'Jura'),
(115, 204, 'LU', 'Luzern'),
(116, 204, 'NE', 'Neuenburg'),
(117, 204, 'NW', 'Nidwalden'),
(118, 204, 'OW', 'Obwalden'),
(119, 204, 'SG', 'St. Gallen'),
(120, 204, 'SH', 'Schaffhausen'),
(121, 204, 'SO', 'Solothurn'),
(122, 204, 'SZ', 'Schwyz'),
(123, 204, 'TG', 'Thurgau'),
(124, 204, 'TI', 'Tessin'),
(125, 204, 'UR', 'Uri'),
(126, 204, 'VD', 'Waadt'),
(127, 204, 'VS', 'Wallis'),
(128, 204, 'ZG', 'Zug'),
(129, 204, 'ZH', 'Zrich'),
(130, 195, 'A Corua', 'A Corua'),
(131, 195, 'Alava', 'Alava'),
(132, 195, 'Albacete', 'Albacete'),
(133, 195, 'Alicante', 'Alicante'),
(134, 195, 'Almeria', 'Almeria'),
(135, 195, 'Asturias', 'Asturias'),
(136, 195, 'Avila', 'Avila'),
(137, 195, 'Badajoz', 'Badajoz'),
(138, 195, 'Baleares', 'Baleares'),
(139, 195, 'Barcelona', 'Barcelona'),
(140, 195, 'Burgos', 'Burgos'),
(141, 195, 'Caceres', 'Caceres'),
(142, 195, 'Cadiz', 'Cadiz'),
(143, 195, 'Cantabria', 'Cantabria'),
(144, 195, 'Castellon', 'Castellon'),
(145, 195, 'Ceuta', 'Ceuta'),
(146, 195, 'Ciudad Real', 'Ciudad Real'),
(147, 195, 'Cordoba', 'Cordoba'),
(148, 195, 'Cuenca', 'Cuenca'),
(149, 195, 'Girona', 'Girona'),
(150, 195, 'Granada', 'Granada'),
(151, 195, 'Guadalajara', 'Guadalajara'),
(152, 195, 'Guipuzcoa', 'Guipuzcoa'),
(153, 195, 'Huelva', 'Huelva'),
(154, 195, 'Huesca', 'Huesca'),
(155, 195, 'Jaen', 'Jaen'),
(156, 195, 'La Rioja', 'La Rioja'),
(157, 195, 'Las Palmas', 'Las Palmas'),
(158, 195, 'Leon', 'Leon'),
(159, 195, 'Lleida', 'Lleida'),
(160, 195, 'Lugo', 'Lugo'),
(161, 195, 'Madrid', 'Madrid'),
(162, 195, 'Malaga', 'Malaga'),
(163, 195, 'Melilla', 'Melilla'),
(164, 195, 'Murcia', 'Murcia'),
(165, 195, 'Navarra', 'Navarra'),
(166, 195, 'Ourense', 'Ourense'),
(167, 195, 'Palencia', 'Palencia'),
(168, 195, 'Pontevedra', 'Pontevedra'),
(169, 195, 'Salamanca', 'Salamanca'),
(170, 195, 'Santa Cruz de Tenerife', 'Santa Cruz de Tenerife'),
(171, 195, 'Segovia', 'Segovia'),
(172, 195, 'Sevilla', 'Sevilla'),
(173, 195, 'Soria', 'Soria'),
(174, 195, 'Tarragona', 'Tarragona'),
(175, 195, 'Teruel', 'Teruel'),
(176, 195, 'Toledo', 'Toledo'),
(177, 195, 'Valencia', 'Valencia'),
(178, 195, 'Valladolid', 'Valladolid'),
(179, 195, 'Vizcaya', 'Vizcaya'),
(180, 195, 'Zamora', 'Zamora'),
(181, 195, 'Zaragoza', 'Zaragoza');

-- --------------------------------------------------------

--
-- Table structure for table `zones_to_geo_zones`
--

CREATE TABLE `zones_to_geo_zones` (
  `association_id` int(11) NOT NULL,
  `zone_country_id` int(11) NOT NULL,
  `zone_id` int(11) DEFAULT NULL,
  `geo_zone_id` int(11) DEFAULT NULL,
  `last_modified` datetime DEFAULT NULL,
  `date_added` datetime NOT NULL
) ENGINE=InnoDB DEFAULT CHARSET=utf8 COLLATE=utf8_unicode_ci;

--
-- Dumping data for table `zones_to_geo_zones`
--

INSERT INTO `zones_to_geo_zones` (`association_id`, `zone_country_id`, `zone_id`, `geo_zone_id`, `last_modified`, `date_added`) VALUES
(1, 223, 18, 1, NULL, '2019-06-02 20:27:26');

--
-- Indexes for dumped tables
--

--
-- Indexes for table `action_recorder`
--
ALTER TABLE `action_recorder`
  ADD PRIMARY KEY (`id`),
  ADD KEY `idx_action_recorder_module` (`module`),
  ADD KEY `idx_action_recorder_user_id` (`user_id`),
  ADD KEY `idx_action_recorder_identifier` (`identifier`),
  ADD KEY `idx_action_recorder_date_added` (`date_added`);

--
-- Indexes for table `address_book`
--
ALTER TABLE `address_book`
  ADD PRIMARY KEY (`address_book_id`),
  ADD KEY `idx_address_book_customers_id` (`customers_id`);

--
-- Indexes for table `address_format`
--
ALTER TABLE `address_format`
  ADD PRIMARY KEY (`address_format_id`);

--
-- Indexes for table `administrators`
--
ALTER TABLE `administrators`
  ADD PRIMARY KEY (`id`);

--
-- Indexes for table `banners`
--
ALTER TABLE `banners`
  ADD PRIMARY KEY (`banners_id`),
  ADD KEY `idx_banners_group` (`banners_group`);

--
-- Indexes for table `banners_history`
--
ALTER TABLE `banners_history`
  ADD PRIMARY KEY (`banners_history_id`),
  ADD KEY `idx_banners_history_banners_id` (`banners_id`);

--
-- Indexes for table `categories`
--
ALTER TABLE `categories`
  ADD PRIMARY KEY (`categories_id`),
  ADD KEY `idx_categories_parent_id` (`parent_id`);

--
-- Indexes for table `categories_description`
--
ALTER TABLE `categories_description`
  ADD PRIMARY KEY (`categories_id`,`language_id`),
  ADD KEY `idx_categories_name` (`categories_name`);

--
-- Indexes for table `configuration`
--
ALTER TABLE `configuration`
  ADD PRIMARY KEY (`configuration_id`);

--
-- Indexes for table `configuration_group`
--
ALTER TABLE `configuration_group`
  ADD PRIMARY KEY (`configuration_group_id`);

--
-- Indexes for table `countries`
--
ALTER TABLE `countries`
  ADD PRIMARY KEY (`countries_id`),
  ADD KEY `IDX_COUNTRIES_NAME` (`countries_name`);

--
-- Indexes for table `currencies`
--
ALTER TABLE `currencies`
  ADD PRIMARY KEY (`currencies_id`),
  ADD KEY `idx_currencies_code` (`code`);

--
-- Indexes for table `customers`
--
ALTER TABLE `customers`
  ADD PRIMARY KEY (`customers_id`),
  ADD KEY `idx_customers_email_address` (`customers_email_address`);

--
-- Indexes for table `customers_basket`
--
ALTER TABLE `customers_basket`
  ADD PRIMARY KEY (`customers_basket_id`),
  ADD KEY `idx_customers_basket_customers_id` (`customers_id`);

--
-- Indexes for table `customers_basket_attributes`
--
ALTER TABLE `customers_basket_attributes`
  ADD PRIMARY KEY (`customers_basket_attributes_id`),
  ADD KEY `idx_customers_basket_att_customers_id` (`customers_id`);

--
-- Indexes for table `customers_info`
--
ALTER TABLE `customers_info`
  ADD PRIMARY KEY (`customers_info_id`);

--
-- Indexes for table `geo_zones`
--
ALTER TABLE `geo_zones`
  ADD PRIMARY KEY (`geo_zone_id`);

--
-- Indexes for table `languages`
--
ALTER TABLE `languages`
  ADD PRIMARY KEY (`languages_id`),
  ADD KEY `IDX_LANGUAGES_NAME` (`name`);

--
-- Indexes for table `manufacturers`
--
ALTER TABLE `manufacturers`
  ADD PRIMARY KEY (`manufacturers_id`),
  ADD KEY `IDX_MANUFACTURERS_NAME` (`manufacturers_name`);

--
-- Indexes for table `manufacturers_info`
--
ALTER TABLE `manufacturers_info`
  ADD PRIMARY KEY (`manufacturers_id`,`languages_id`);

--
-- Indexes for table `newsletters`
--
ALTER TABLE `newsletters`
  ADD PRIMARY KEY (`newsletters_id`);

--
-- Indexes for table `orders`
--
ALTER TABLE `orders`
  ADD PRIMARY KEY (`orders_id`),
  ADD KEY `idx_orders_customers_id` (`customers_id`);

--
-- Indexes for table `orders_products`
--
ALTER TABLE `orders_products`
  ADD PRIMARY KEY (`orders_products_id`),
  ADD KEY `idx_orders_products_orders_id` (`orders_id`),
  ADD KEY `idx_orders_products_products_id` (`products_id`);

--
-- Indexes for table `orders_products_attributes`
--
ALTER TABLE `orders_products_attributes`
  ADD PRIMARY KEY (`orders_products_attributes_id`),
  ADD KEY `idx_orders_products_att_orders_id` (`orders_id`);

--
-- Indexes for table `orders_products_download`
--
ALTER TABLE `orders_products_download`
  ADD PRIMARY KEY (`orders_products_download_id`),
  ADD KEY `idx_orders_products_download_orders_id` (`orders_id`);

--
-- Indexes for table `orders_status`
--
ALTER TABLE `orders_status`
  ADD PRIMARY KEY (`orders_status_id`,`language_id`),
  ADD KEY `idx_orders_status_name` (`orders_status_name`);

--
-- Indexes for table `orders_status_history`
--
ALTER TABLE `orders_status_history`
  ADD PRIMARY KEY (`orders_status_history_id`),
  ADD KEY `idx_orders_status_history_orders_id` (`orders_id`);

--
-- Indexes for table `orders_total`
--
ALTER TABLE `orders_total`
  ADD PRIMARY KEY (`orders_total_id`),
  ADD KEY `idx_orders_total_orders_id` (`orders_id`);

--
-- Indexes for table `products`
--
ALTER TABLE `products`
  ADD PRIMARY KEY (`products_id`),
  ADD KEY `idx_products_model` (`products_model`),
  ADD KEY `idx_products_date_added` (`products_date_added`);

--
-- Indexes for table `products_attributes`
--
ALTER TABLE `products_attributes`
  ADD PRIMARY KEY (`products_attributes_id`),
  ADD KEY `idx_products_attributes_products_id` (`products_id`);

--
-- Indexes for table `products_attributes_download`
--
ALTER TABLE `products_attributes_download`
  ADD PRIMARY KEY (`products_attributes_id`);

--
-- Indexes for table `products_description`
--
ALTER TABLE `products_description`
  ADD PRIMARY KEY (`products_id`,`language_id`),
  ADD KEY `products_name` (`products_name`);

--
-- Indexes for table `products_images`
--
ALTER TABLE `products_images`
  ADD PRIMARY KEY (`id`),
  ADD KEY `products_images_prodid` (`products_id`);

--
-- Indexes for table `products_notifications`
--
ALTER TABLE `products_notifications`
  ADD PRIMARY KEY (`products_id`,`customers_id`);

--
-- Indexes for table `products_options`
--
ALTER TABLE `products_options`
  ADD PRIMARY KEY (`products_options_id`,`language_id`);

--
-- Indexes for table `products_options_values`
--
ALTER TABLE `products_options_values`
  ADD PRIMARY KEY (`products_options_values_id`,`language_id`);

--
-- Indexes for table `products_options_values_to_products_options`
--
ALTER TABLE `products_options_values_to_products_options`
  ADD PRIMARY KEY (`products_options_values_to_products_options_id`);

--
-- Indexes for table `products_to_categories`
--
ALTER TABLE `products_to_categories`
  ADD PRIMARY KEY (`products_id`,`categories_id`);

--
-- Indexes for table `reviews`
--
ALTER TABLE `reviews`
  ADD PRIMARY KEY (`reviews_id`),
  ADD KEY `idx_reviews_products_id` (`products_id`),
  ADD KEY `idx_reviews_customers_id` (`customers_id`);

--
-- Indexes for table `reviews_description`
--
ALTER TABLE `reviews_description`
  ADD PRIMARY KEY (`reviews_id`,`languages_id`);

--
-- Indexes for table `sec_directory_whitelist`
--
ALTER TABLE `sec_directory_whitelist`
  ADD PRIMARY KEY (`id`);

--
-- Indexes for table `sessions`
--
ALTER TABLE `sessions`
  ADD PRIMARY KEY (`sesskey`);

--
-- Indexes for table `specials`
--
ALTER TABLE `specials`
  ADD PRIMARY KEY (`specials_id`),
  ADD KEY `idx_specials_products_id` (`products_id`);

--
-- Indexes for table `tax_class`
--
ALTER TABLE `tax_class`
  ADD PRIMARY KEY (`tax_class_id`);

--
-- Indexes for table `tax_rates`
--
ALTER TABLE `tax_rates`
  ADD PRIMARY KEY (`tax_rates_id`);

--
-- Indexes for table `whos_online`
--
ALTER TABLE `whos_online`
  ADD KEY `idx_whos_online_session_id` (`session_id`);

--
-- Indexes for table `zones`
--
ALTER TABLE `zones`
  ADD PRIMARY KEY (`zone_id`),
  ADD KEY `idx_zones_country_id` (`zone_country_id`);

--
-- Indexes for table `zones_to_geo_zones`
--
ALTER TABLE `zones_to_geo_zones`
  ADD PRIMARY KEY (`association_id`),
  ADD KEY `idx_zones_to_geo_zones_country_id` (`zone_country_id`);

--
-- AUTO_INCREMENT for dumped tables
--

--
-- AUTO_INCREMENT for table `action_recorder`
--
ALTER TABLE `action_recorder`
  MODIFY `id` int(11) NOT NULL AUTO_INCREMENT, AUTO_INCREMENT=4;

--
-- AUTO_INCREMENT for table `address_book`
--
ALTER TABLE `address_book`
  MODIFY `address_book_id` int(11) NOT NULL AUTO_INCREMENT;

--
-- AUTO_INCREMENT for table `address_format`
--
ALTER TABLE `address_format`
  MODIFY `address_format_id` int(11) NOT NULL AUTO_INCREMENT, AUTO_INCREMENT=6;

--
-- AUTO_INCREMENT for table `administrators`
--
ALTER TABLE `administrators`
  MODIFY `id` int(11) NOT NULL AUTO_INCREMENT, AUTO_INCREMENT=2;

--
-- AUTO_INCREMENT for table `banners`
--
ALTER TABLE `banners`
  MODIFY `banners_id` int(11) NOT NULL AUTO_INCREMENT, AUTO_INCREMENT=2;

--
-- AUTO_INCREMENT for table `banners_history`
--
ALTER TABLE `banners_history`
  MODIFY `banners_history_id` int(11) NOT NULL AUTO_INCREMENT, AUTO_INCREMENT=3;

--
-- AUTO_INCREMENT for table `categories`
--
ALTER TABLE `categories`
  MODIFY `categories_id` int(11) NOT NULL AUTO_INCREMENT, AUTO_INCREMENT=34;

--
-- AUTO_INCREMENT for table `configuration`
--
ALTER TABLE `configuration`
  MODIFY `configuration_id` int(11) NOT NULL AUTO_INCREMENT, AUTO_INCREMENT=287;

--
-- AUTO_INCREMENT for table `configuration_group`
--
ALTER TABLE `configuration_group`
  MODIFY `configuration_group_id` int(11) NOT NULL AUTO_INCREMENT, AUTO_INCREMENT=16;

--
-- AUTO_INCREMENT for table `countries`
--
ALTER TABLE `countries`
  MODIFY `countries_id` int(11) NOT NULL AUTO_INCREMENT, AUTO_INCREMENT=240;

--
-- AUTO_INCREMENT for table `currencies`
--
ALTER TABLE `currencies`
  MODIFY `currencies_id` int(11) NOT NULL AUTO_INCREMENT, AUTO_INCREMENT=3;

--
-- AUTO_INCREMENT for table `customers`
--
ALTER TABLE `customers`
  MODIFY `customers_id` int(11) NOT NULL AUTO_INCREMENT;

--
-- AUTO_INCREMENT for table `customers_basket`
--
ALTER TABLE `customers_basket`
  MODIFY `customers_basket_id` int(11) NOT NULL AUTO_INCREMENT;

--
-- AUTO_INCREMENT for table `customers_basket_attributes`
--
ALTER TABLE `customers_basket_attributes`
  MODIFY `customers_basket_attributes_id` int(11) NOT NULL AUTO_INCREMENT;

--
-- AUTO_INCREMENT for table `geo_zones`
--
ALTER TABLE `geo_zones`
  MODIFY `geo_zone_id` int(11) NOT NULL AUTO_INCREMENT, AUTO_INCREMENT=2;

--
-- AUTO_INCREMENT for table `languages`
--
ALTER TABLE `languages`
  MODIFY `languages_id` int(11) NOT NULL AUTO_INCREMENT, AUTO_INCREMENT=2;

--
-- AUTO_INCREMENT for table `manufacturers`
--
ALTER TABLE `manufacturers`
  MODIFY `manufacturers_id` int(11) NOT NULL AUTO_INCREMENT, AUTO_INCREMENT=26;

--
-- AUTO_INCREMENT for table `newsletters`
--
ALTER TABLE `newsletters`
  MODIFY `newsletters_id` int(11) NOT NULL AUTO_INCREMENT;

--
-- AUTO_INCREMENT for table `orders`
--
ALTER TABLE `orders`
  MODIFY `orders_id` int(11) NOT NULL AUTO_INCREMENT;

--
-- AUTO_INCREMENT for table `orders_products`
--
ALTER TABLE `orders_products`
  MODIFY `orders_products_id` int(11) NOT NULL AUTO_INCREMENT;

--
-- AUTO_INCREMENT for table `orders_products_attributes`
--
ALTER TABLE `orders_products_attributes`
  MODIFY `orders_products_attributes_id` int(11) NOT NULL AUTO_INCREMENT;

--
-- AUTO_INCREMENT for table `orders_products_download`
--
ALTER TABLE `orders_products_download`
  MODIFY `orders_products_download_id` int(11) NOT NULL AUTO_INCREMENT;

--
-- AUTO_INCREMENT for table `orders_status_history`
--
ALTER TABLE `orders_status_history`
  MODIFY `orders_status_history_id` int(11) NOT NULL AUTO_INCREMENT;

--
-- AUTO_INCREMENT for table `orders_total`
--
ALTER TABLE `orders_total`
  MODIFY `orders_total_id` int(10) UNSIGNED NOT NULL AUTO_INCREMENT;

--
-- AUTO_INCREMENT for table `products`
--
ALTER TABLE `products`
  MODIFY `products_id` int(11) NOT NULL AUTO_INCREMENT, AUTO_INCREMENT=46;

--
-- AUTO_INCREMENT for table `products_attributes`
--
ALTER TABLE `products_attributes`
  MODIFY `products_attributes_id` int(11) NOT NULL AUTO_INCREMENT;

--
-- AUTO_INCREMENT for table `products_description`
--
ALTER TABLE `products_description`
  MODIFY `products_id` int(11) NOT NULL AUTO_INCREMENT, AUTO_INCREMENT=46;

--
-- AUTO_INCREMENT for table `products_images`
--
ALTER TABLE `products_images`
  MODIFY `id` int(11) NOT NULL AUTO_INCREMENT, AUTO_INCREMENT=15;

--
-- AUTO_INCREMENT for table `products_options_values_to_products_options`
--
ALTER TABLE `products_options_values_to_products_options`
  MODIFY `products_options_values_to_products_options_id` int(11) NOT NULL AUTO_INCREMENT;

--
-- AUTO_INCREMENT for table `reviews`
--
ALTER TABLE `reviews`
  MODIFY `reviews_id` int(11) NOT NULL AUTO_INCREMENT;

--
-- AUTO_INCREMENT for table `sec_directory_whitelist`
--
ALTER TABLE `sec_directory_whitelist`
  MODIFY `id` int(11) NOT NULL AUTO_INCREMENT, AUTO_INCREMENT=14;

--
-- AUTO_INCREMENT for table `specials`
--
ALTER TABLE `specials`
  MODIFY `specials_id` int(11) NOT NULL AUTO_INCREMENT;

--
-- AUTO_INCREMENT for table `tax_class`
--
ALTER TABLE `tax_class`
  MODIFY `tax_class_id` int(11) NOT NULL AUTO_INCREMENT, AUTO_INCREMENT=2;

--
-- AUTO_INCREMENT for table `tax_rates`
--
ALTER TABLE `tax_rates`
  MODIFY `tax_rates_id` int(11) NOT NULL AUTO_INCREMENT, AUTO_INCREMENT=2;

--
-- AUTO_INCREMENT for table `zones`
--
ALTER TABLE `zones`
  MODIFY `zone_id` int(11) NOT NULL AUTO_INCREMENT, AUTO_INCREMENT=182;

--
-- AUTO_INCREMENT for table `zones_to_geo_zones`
--
ALTER TABLE `zones_to_geo_zones`
  MODIFY `association_id` int(11) NOT NULL AUTO_INCREMENT, AUTO_INCREMENT=2;
COMMIT;

/*!40101 SET CHARACTER_SET_CLIENT=@OLD_CHARACTER_SET_CLIENT */;
/*!40101 SET CHARACTER_SET_RESULTS=@OLD_CHARACTER_SET_RESULTS */;
/*!40101 SET COLLATION_CONNECTION=@OLD_COLLATION_CONNECTION */;
